team_id,season,blup,pipeline
ATH,2015,-0.00143,v2_strip_park_frozen
ATH,2016,-0.11442,v2_strip_park_frozen
ATH,2017,0.01036,v2_strip_park_frozen
ATH,2018,0.28402,v2_strip_park_frozen
ATH,2019,0.049,v2_strip_park_frozen
ATH,2020,-0.03601,v2_strip_park_frozen
ATH,2021,0.01308,v2_strip_park_frozen
ATH,2022,-0.05175,v2_strip_park_frozen
ATH,2023,-0.06452,v2_strip_park_frozen
ATH,2024,-0.10998,v2_strip_park_frozen
ATH,2025,-0.12924,v2_strip_park_frozen
ATL,2015,-0.04552,v2_strip_park_frozen
ATL,2016,0.1721,v2_strip_park_frozen
ATL,2017,0.03035,v2_strip_park_frozen
ATL,2018,0.21907,v2_strip_park_frozen
ATL,2019,0.07598,v2_strip_park_frozen
ATL,2020,-0.02533,v2_strip_park_frozen
ATL,2021,0.14066,v2_strip_park_frozen
ATL,2022,-0.04874,v2_strip_park_frozen
ATL,2023,-0.08222,v2_strip_park_frozen
ATL,2024,-0.16574,v2_strip_park_frozen
ATL,2025,0.02926,v2_strip_park_frozen
AZ,2015,0.22933,v2_strip_park_frozen
AZ,2016,-0.01863,v2_strip_park_frozen
AZ,2017,0.05852,v2_strip_park_frozen
AZ,2018,0.17732,v2_strip_park_frozen
AZ,2019,0.26425,v2_strip_park_frozen
AZ,2020,0.03937,v2_strip_park_frozen
AZ,2021,-0.08135,v2_strip_park_frozen
AZ,2022,0.17015,v2_strip_park_frozen
AZ,2023,0.05909,v2_strip_park_frozen
AZ,2024,0.01815,v2_strip_park_frozen
AZ,2025,0.04085,v2_strip_park_frozen
BAL,2015,0.06586,v2_strip_park_frozen
BAL,2016,0.01214,v2_strip_park_frozen
BAL,2017,-0.12163,v2_strip_park_frozen
BAL,2018,-0.19815,v2_strip_park_frozen
BAL,2019,0.01428,v2_strip_park_frozen
BAL,2020,0.05748,v2_strip_park_frozen
BAL,2021,-0.00041,v2_strip_park_frozen
BAL,2022,-0.02374,v2_strip_park_frozen
BAL,2023,0.11462,v2_strip_park_frozen
BAL,2024,0.06353,v2_strip_park_frozen
BAL,2025,-0.18142,v2_strip_park_frozen
BOS,2015,-0.05356,v2_strip_park_frozen
BOS,2016,0.07996,v2_strip_park_frozen
BOS,2017,-0.01729,v2_strip_park_frozen
BOS,2018,0.17018,v2_strip_park_frozen
BOS,2019,-0.12062,v2_strip_park_frozen
BOS,2020,-0.0927,v2_strip_park_frozen
BOS,2021,-0.10837,v2_strip_park_frozen
BOS,2022,-0.01596,v2_strip_park_frozen
BOS,2023,-0.07112,v2_strip_park_frozen
BOS,2024,0.07044,v2_strip_park_frozen
BOS,2025,0.08518,v2_strip_park_frozen
CHC,2015,0.04865,v2_strip_park_frozen
CHC,2016,0.33121,v2_strip_park_frozen
CHC,2017,0.11627,v2_strip_park_frozen
CHC,2018,0.21614,v2_strip_park_frozen
CHC,2019,-0.01298,v2_strip_park_frozen
CHC,2020,0.08371,v2_strip_park_frozen
CHC,2021,-0.0595,v2_strip_park_frozen
CHC,2022,0.03689,v2_strip_park_frozen
CHC,2023,0.10033,v2_strip_park_frozen
CHC,2024,-0.04771,v2_strip_park_frozen
CHC,2025,0.12427,v2_strip_park_frozen
CIN,2015,0.21185,v2_strip_park_frozen
CIN,2016,0.13522,v2_strip_park_frozen
CIN,2017,-0.05996,v2_strip_park_frozen
CIN,2018,-0.00877,v2_strip_park_frozen
CIN,2019,0.03121,v2_strip_park_frozen
CIN,2020,-0.1679,v2_strip_park_frozen
CIN,2021,-0.19696,v2_strip_park_frozen
CIN,2022,-0.16132,v2_strip_park_frozen
CIN,2023,-0.09491,v2_strip_park_frozen
CIN,2024,-0.04822,v2_strip_park_frozen
CIN,2025,0.10395,v2_strip_park_frozen
CLE,2015,-0.01943,v2_strip_park_frozen
CLE,2016,0.0328,v2_strip_park_frozen
CLE,2017,0.01113,v2_strip_park_frozen
CLE,2018,-0.12011,v2_strip_park_frozen
CLE,2019,-0.04302,v2_strip_park_frozen
CLE,2020,-0.06227,v2_strip_park_frozen
CLE,2021,0.03278,v2_strip_park_frozen
CLE,2022,0.16638,v2_strip_park_frozen
CLE,2023,0.08608,v2_strip_park_frozen
CLE,2024,0.0836,v2_strip_park_frozen
CLE,2025,-0.06961,v2_strip_park_frozen
COL,2015,0.00242,v2_strip_park_frozen
COL,2016,0.12838,v2_strip_park_frozen
COL,2017,0.05949,v2_strip_park_frozen
COL,2018,0.00108,v2_strip_park_frozen
COL,2019,0.14111,v2_strip_park_frozen
COL,2020,0.06204,v2_strip_park_frozen
COL,2021,0.02477,v2_strip_park_frozen
COL,2022,0.10782,v2_strip_park_frozen
COL,2023,-0.00588,v2_strip_park_frozen
COL,2024,0.11719,v2_strip_park_frozen
COL,2025,-0.12735,v2_strip_park_frozen
CWS,2015,-0.11287,v2_strip_park_frozen
CWS,2016,-0.05222,v2_strip_park_frozen
CWS,2017,0.05353,v2_strip_park_frozen
CWS,2018,-0.01901,v2_strip_park_frozen
CWS,2019,-0.08607,v2_strip_park_frozen
CWS,2020,0.13231,v2_strip_park_frozen
CWS,2021,-0.05125,v2_strip_park_frozen
CWS,2022,-0.12357,v2_strip_park_frozen
CWS,2023,-0.10302,v2_strip_park_frozen
CWS,2024,-0.17901,v2_strip_park_frozen
CWS,2025,0.11143,v2_strip_park_frozen
DET,2015,-0.17774,v2_strip_park_frozen
DET,2016,-0.25562,v2_strip_park_frozen
DET,2017,-0.11495,v2_strip_park_frozen
DET,2018,-0.07589,v2_strip_park_frozen
DET,2019,-0.27563,v2_strip_park_frozen
DET,2020,0.1126,v2_strip_park_frozen
DET,2021,0.03702,v2_strip_park_frozen
DET,2022,0.13584,v2_strip_park_frozen
DET,2023,0.1408,v2_strip_park_frozen
DET,2024,0.12131,v2_strip_park_frozen
DET,2025,0.05225,v2_strip_park_frozen
HOU,2015,-0.06907,v2_strip_park_frozen
HOU,2016,-0.10031,v2_strip_park_frozen
HOU,2017,0.09641,v2_strip_park_frozen
HOU,2018,0.00197,v2_strip_park_frozen
HOU,2019,0.04671,v2_strip_park_frozen
HOU,2020,0.10064,v2_strip_park_frozen
HOU,2021,0.13495,v2_strip_park_frozen
HOU,2022,0.13353,v2_strip_park_frozen
HOU,2023,0.06482,v2_strip_park_frozen
HOU,2024,-0.05931,v2_strip_park_frozen
HOU,2025,-0.04357,v2_strip_park_frozen
KC,2015,0.16308,v2_strip_park_frozen
KC,2016,0.0114,v2_strip_park_frozen
KC,2017,-0.16943,v2_strip_park_frozen
KC,2018,-0.01213,v2_strip_park_frozen
KC,2019,-0.07309,v2_strip_park_frozen
KC,2020,-0.01702,v2_strip_park_frozen
KC,2021,0.02635,v2_strip_park_frozen
KC,2022,-0.03195,v2_strip_park_frozen
KC,2023,0.03444,v2_strip_park_frozen
KC,2024,0.10158,v2_strip_park_frozen
KC,2025,-0.01521,v2_strip_park_frozen
LAA,2015,-0.20774,v2_strip_park_frozen
LAA,2016,0.09334,v2_strip_park_frozen
LAA,2017,0.30783,v2_strip_park_frozen
LAA,2018,-0.00587,v2_strip_park_frozen
LAA,2019,0.11709,v2_strip_park_frozen
LAA,2020,-0.03484,v2_strip_park_frozen
LAA,2021,-0.17838,v2_strip_park_frozen
LAA,2022,0.04412,v2_strip_park_frozen
LAA,2023,-0.11524,v2_strip_park_frozen
LAA,2024,0.01133,v2_strip_park_frozen
LAA,2025,-0.24243,v2_strip_park_frozen
LAD,2015,-0.01793,v2_strip_park_frozen
LAD,2016,-0.02349,v2_strip_park_frozen
LAD,2017,0.08724,v2_strip_park_frozen
LAD,2018,0.02254,v2_strip_park_frozen
LAD,2019,0.14604,v2_strip_park_frozen
LAD,2020,0.2128,v2_strip_park_frozen
LAD,2021,0.05152,v2_strip_park_frozen
LAD,2022,0.07327,v2_strip_park_frozen
LAD,2023,0.07121,v2_strip_park_frozen
LAD,2024,0.15746,v2_strip_park_frozen
LAD,2025,0.11666,v2_strip_park_frozen
MIA,2015,0.02106,v2_strip_park_frozen
MIA,2016,0.02847,v2_strip_park_frozen
MIA,2017,0.1665,v2_strip_park_frozen
MIA,2018,0.02918,v2_strip_park_frozen
MIA,2019,0.03447,v2_strip_park_frozen
MIA,2020,-0.10341,v2_strip_park_frozen
MIA,2021,-0.06032,v2_strip_park_frozen
MIA,2022,-0.07913,v2_strip_park_frozen
MIA,2023,-0.09314,v2_strip_park_frozen
MIA,2024,-0.1166,v2_strip_park_frozen
MIA,2025,0.1207,v2_strip_park_frozen
MIL,2015,0.07627,v2_strip_park_frozen
MIL,2016,-0.02773,v2_strip_park_frozen
MIL,2017,0.02634,v2_strip_park_frozen
MIL,2018,0.19104,v2_strip_park_frozen
MIL,2019,0.0804,v2_strip_park_frozen
MIL,2020,-0.13634,v2_strip_park_frozen
MIL,2021,-0.00824,v2_strip_park_frozen
MIL,2022,0.00797,v2_strip_park_frozen
MIL,2023,0.21065,v2_strip_park_frozen
MIL,2024,0.18493,v2_strip_park_frozen
MIL,2025,0.1483,v2_strip_park_frozen
MIN,2015,0.06124,v2_strip_park_frozen
MIN,2016,-0.18433,v2_strip_park_frozen
MIN,2017,0.20323,v2_strip_park_frozen
MIN,2018,-0.03238,v2_strip_park_frozen
MIN,2019,-0.15178,v2_strip_park_frozen
MIN,2020,0.06865,v2_strip_park_frozen
MIN,2021,0.04256,v2_strip_park_frozen
MIN,2022,0.08397,v2_strip_park_frozen
MIN,2023,-0.13725,v2_strip_park_frozen
MIN,2024,-0.18015,v2_strip_park_frozen
MIN,2025,-0.13708,v2_strip_park_frozen
NYM,2015,-0.04558,v2_strip_park_frozen
NYM,2016,-0.13355,v2_strip_park_frozen
NYM,2017,-0.17222,v2_strip_park_frozen
NYM,2018,-0.19627,v2_strip_park_frozen
NYM,2019,-0.22339,v2_strip_park_frozen
NYM,2020,-0.13321,v2_strip_park_frozen
NYM,2021,-0.03302,v2_strip_park_frozen
NYM,2022,-0.16302,v2_strip_park_frozen
NYM,2023,-0.15118,v2_strip_park_frozen
NYM,2024,0.0732,v2_strip_park_frozen
NYM,2025,0.0069,v2_strip_park_frozen
NYY,2015,-0.17653,v2_strip_park_frozen
NYY,2016,-0.20618,v2_strip_park_frozen
NYY,2017,-0.07263,v2_strip_park_frozen
NYY,2018,-0.05499,v2_strip_park_frozen
NYY,2019,-0.13646,v2_strip_park_frozen
NYY,2020,-0.04164,v2_strip_park_frozen
NYY,2021,-0.06951,v2_strip_park_frozen
NYY,2022,0.05721,v2_strip_park_frozen
NYY,2023,0.09867,v2_strip_park_frozen
NYY,2024,0.01383,v2_strip_park_frozen
NYY,2025,0.02864,v2_strip_park_frozen
PHI,2015,-0.13843,v2_strip_park_frozen
PHI,2016,-0.00419,v2_strip_park_frozen
PHI,2017,-0.0548,v2_strip_park_frozen
PHI,2018,-0.20947,v2_strip_park_frozen
PHI,2019,0.05736,v2_strip_park_frozen
PHI,2020,-0.20673,v2_strip_park_frozen
PHI,2021,-0.1724,v2_strip_park_frozen
PHI,2022,-0.1386,v2_strip_park_frozen
PHI,2023,-0.08143,v2_strip_park_frozen
PHI,2024,-0.07775,v2_strip_park_frozen
PHI,2025,-0.14102,v2_strip_park_frozen
PIT,2015,-0.07928,v2_strip_park_frozen
PIT,2016,0.09082,v2_strip_park_frozen
PIT,2017,-0.05434,v2_strip_park_frozen
PIT,2018,-0.08314,v2_strip_park_frozen
PIT,2019,-0.20019,v2_strip_park_frozen
PIT,2020,0.01806,v2_strip_park_frozen
PIT,2021,-0.12156,v2_strip_park_frozen
PIT,2022,-0.10882,v2_strip_park_frozen
PIT,2023,0.06238,v2_strip_park_frozen
PIT,2024,-0.09754,v2_strip_park_frozen
PIT,2025,0.10631,v2_strip_park_frozen
SD,2015,-0.06301,v2_strip_park_frozen
SD,2016,-0.04091,v2_strip_park_frozen
SD,2017,-0.12089,v2_strip_park_frozen
SD,2018,0.0248,v2_strip_park_frozen
SD,2019,-0.02208,v2_strip_park_frozen
SD,2020,0.10775,v2_strip_park_frozen
SD,2021,0.04429,v2_strip_park_frozen
SD,2022,-0.05211,v2_strip_park_frozen
SD,2023,0.04172,v2_strip_park_frozen
SD,2024,-0.07751,v2_strip_park_frozen
SD,2025,-0.03075,v2_strip_park_frozen
SEA,2015,-0.12979,v2_strip_park_frozen
SEA,2016,0.00534,v2_strip_park_frozen
SEA,2017,-0.02136,v2_strip_park_frozen
SEA,2018,-0.06862,v2_strip_park_frozen
SEA,2019,-0.07524,v2_strip_park_frozen
SEA,2020,0.0197,v2_strip_park_frozen
SEA,2021,0.00168,v2_strip_park_frozen
SEA,2022,0.00792,v2_strip_park_frozen
SEA,2023,-0.06092,v2_strip_park_frozen
SEA,2024,-0.02014,v2_strip_park_frozen
SEA,2025,-0.00435,v2_strip_park_frozen
SF,2015,0.28819,v2_strip_park_frozen
SF,2016,0.20519,v2_strip_park_frozen
SF,2017,-0.04022,v2_strip_park_frozen
SF,2018,-0.02185,v2_strip_park_frozen
SF,2019,0.21937,v2_strip_park_frozen
SF,2020,0.0308,v2_strip_park_frozen
SF,2021,0.06881,v2_strip_park_frozen
SF,2022,-0.17757,v2_strip_park_frozen
SF,2023,-0.03192,v2_strip_park_frozen
SF,2024,-0.10083,v2_strip_park_frozen
SF,2025,-0.11137,v2_strip_park_frozen
STL,2015,0.01557,v2_strip_park_frozen
STL,2016,-0.21679,v2_strip_park_frozen
STL,2017,-0.13272,v2_strip_park_frozen
STL,2018,-0.09802,v2_strip_park_frozen
STL,2019,0.10788,v2_strip_park_frozen
STL,2020,0.16193,v2_strip_park_frozen
STL,2021,0.29758,v2_strip_park_frozen
STL,2022,0.14523,v2_strip_park_frozen
STL,2023,-0.17416,v2_strip_park_frozen
STL,2024,-0.0098,v2_strip_park_frozen
STL,2025,-0.05753,v2_strip_park_frozen
TB,2015,0.16465,v2_strip_park_frozen
TB,2016,-0.16266,v2_strip_park_frozen
TB,2017,0.09147,v2_strip_park_frozen
TB,2018,0.3286,v2_strip_park_frozen
TB,2019,0.0724,v2_strip_park_frozen
TB,2020,0.07019,v2_strip_park_frozen
TB,2021,0.27617,v2_strip_park_frozen
TB,2022,0.05316,v2_strip_park_frozen
TB,2023,0.13356,v2_strip_park_frozen
TB,2024,0.06078,v2_strip_park_frozen
TB,2025,-0.05528,v2_strip_park_frozen
TEX,2015,0.02745,v2_strip_park_frozen
TEX,2016,0.05207,v2_strip_park_frozen
TEX,2017,0.02259,v2_strip_park_frozen
TEX,2018,-0.05284,v2_strip_park_frozen
TEX,2019,-0.09983,v2_strip_park_frozen
TEX,2020,-0.03308,v2_strip_park_frozen
TEX,2021,0.08916,v2_strip_park_frozen
TEX,2022,0.13643,v2_strip_park_frozen
TEX,2023,0.12174,v2_strip_park_frozen
TEX,2024,0.17329,v2_strip_park_frozen
TEX,2025,0.2302,v2_strip_park_frozen
TOR,2015,-0.03336,v2_strip_park_frozen
TOR,2016,0.07127,v2_strip_park_frozen
TOR,2017,-0.19312,v2_strip_park_frozen
TOR,2018,-0.2979,v2_strip_park_frozen
TOR,2019,-0.04804,v2_strip_park_frozen
TOR,2020,-0.08153,v2_strip_park_frozen
TOR,2021,-0.00303,v2_strip_park_frozen
TOR,2022,-0.01212,v2_strip_park_frozen
TOR,2023,-0.01244,v2_strip_park_frozen
TOR,2024,0.13173,v2_strip_park_frozen
TOR,2025,0.06795,v2_strip_park_frozen
WSH,2015,-0.00808,v2_strip_park_frozen
WSH,2016,0.07081,v2_strip_park_frozen
WSH,2017,0.0128,v2_strip_park_frozen
WSH,2018,-0.0935,v2_strip_park_frozen
WSH,2019,0.10498,v2_strip_park_frozen
WSH,2020,-0.14051,v2_strip_park_frozen
WSH,2021,-0.12009,v2_strip_park_frozen
WSH,2022,-0.15246,v2_strip_park_frozen
WSH,2023,-0.02814,v2_strip_park_frozen
WSH,2024,-0.10631,v2_strip_park_frozen
WSH,2025,-0.04203,v2_strip_park_frozen
ATH,2015,-0.00682,v2_final_strip_park_speed
ATH,2016,-0.11449,v2_final_strip_park_speed
ATH,2017,0.0019,v2_final_strip_park_speed
ATH,2018,0.2817,v2_final_strip_park_speed
ATH,2019,0.03882,v2_final_strip_park_speed
ATH,2020,-0.03051,v2_final_strip_park_speed
ATH,2021,0.03254,v2_final_strip_park_speed
ATH,2022,-0.04715,v2_final_strip_park_speed
ATH,2023,-0.05885,v2_final_strip_park_speed
ATH,2024,-0.10879,v2_final_strip_park_speed
ATH,2025,-0.13025,v2_final_strip_park_speed
ATL,2015,-0.03671,v2_final_strip_park_speed
ATL,2016,0.18566,v2_final_strip_park_speed
ATL,2017,0.04027,v2_final_strip_park_speed
ATL,2018,0.22106,v2_final_strip_park_speed
ATL,2019,0.08359,v2_final_strip_park_speed
ATL,2020,-0.02722,v2_final_strip_park_speed
ATL,2021,0.13331,v2_final_strip_park_speed
ATL,2022,-0.04719,v2_final_strip_park_speed
ATL,2023,-0.06891,v2_final_strip_park_speed
ATL,2024,-0.16595,v2_final_strip_park_speed
ATL,2025,0.03588,v2_final_strip_park_speed
AZ,2015,0.21628,v2_final_strip_park_speed
AZ,2016,-0.02413,v2_final_strip_park_speed
AZ,2017,0.04729,v2_final_strip_park_speed
AZ,2018,0.16989,v2_final_strip_park_speed
AZ,2019,0.24691,v2_final_strip_park_speed
AZ,2020,0.04404,v2_final_strip_park_speed
AZ,2021,-0.09737,v2_final_strip_park_speed
AZ,2022,0.15393,v2_final_strip_park_speed
AZ,2023,0.05456,v2_final_strip_park_speed
AZ,2024,0.01496,v2_final_strip_park_speed
AZ,2025,0.03176,v2_final_strip_park_speed
BAL,2015,0.06635,v2_final_strip_park_speed
BAL,2016,0.0116,v2_final_strip_park_speed
BAL,2017,-0.1161,v2_final_strip_park_speed
BAL,2018,-0.19681,v2_final_strip_park_speed
BAL,2019,0.0119,v2_final_strip_park_speed
BAL,2020,0.05323,v2_final_strip_park_speed
BAL,2021,0.00334,v2_final_strip_park_speed
BAL,2022,-0.02641,v2_final_strip_park_speed
BAL,2023,0.11452,v2_final_strip_park_speed
BAL,2024,0.06215,v2_final_strip_park_speed
BAL,2025,-0.18791,v2_final_strip_park_speed
BOS,2015,-0.04237,v2_final_strip_park_speed
BOS,2016,0.07199,v2_final_strip_park_speed
BOS,2017,-0.02155,v2_final_strip_park_speed
BOS,2018,0.17264,v2_final_strip_park_speed
BOS,2019,-0.11229,v2_final_strip_park_speed
BOS,2020,-0.09418,v2_final_strip_park_speed
BOS,2021,-0.11299,v2_final_strip_park_speed
BOS,2022,-0.00401,v2_final_strip_park_speed
BOS,2023,-0.06486,v2_final_strip_park_speed
BOS,2024,0.06405,v2_final_strip_park_speed
BOS,2025,0.09061,v2_final_strip_park_speed
CHC,2015,0.04484,v2_final_strip_park_speed
CHC,2016,0.32196,v2_final_strip_park_speed
CHC,2017,0.11459,v2_final_strip_park_speed
CHC,2018,0.20571,v2_final_strip_park_speed
CHC,2019,-0.02594,v2_final_strip_park_speed
CHC,2020,0.07943,v2_final_strip_park_speed
CHC,2021,-0.07139,v2_final_strip_park_speed
CHC,2022,0.01055,v2_final_strip_park_speed
CHC,2023,0.09994,v2_final_strip_park_speed
CHC,2024,-0.0505,v2_final_strip_park_speed
CHC,2025,0.13483,v2_final_strip_park_speed
CIN,2015,0.21246,v2_final_strip_park_speed
CIN,2016,0.1344,v2_final_strip_park_speed
CIN,2017,-0.049,v2_final_strip_park_speed
CIN,2018,0.01165,v2_final_strip_park_speed
CIN,2019,0.03432,v2_final_strip_park_speed
CIN,2020,-0.16455,v2_final_strip_park_speed
CIN,2021,-0.19895,v2_final_strip_park_speed
CIN,2022,-0.14598,v2_final_strip_park_speed
CIN,2023,-0.09969,v2_final_strip_park_speed
CIN,2024,-0.0536,v2_final_strip_park_speed
CIN,2025,0.10818,v2_final_strip_park_speed
CLE,2015,-0.02898,v2_final_strip_park_speed
CLE,2016,0.03019,v2_final_strip_park_speed
CLE,2017,0.00602,v2_final_strip_park_speed
CLE,2018,-0.12252,v2_final_strip_park_speed
CLE,2019,-0.04106,v2_final_strip_park_speed
CLE,2020,-0.0673,v2_final_strip_park_speed
CLE,2021,0.0284,v2_final_strip_park_speed
CLE,2022,0.15849,v2_final_strip_park_speed
CLE,2023,0.08355,v2_final_strip_park_speed
CLE,2024,0.06778,v2_final_strip_park_speed
CLE,2025,-0.06863,v2_final_strip_park_speed
COL,2015,0.00041,v2_final_strip_park_speed
COL,2016,0.1357,v2_final_strip_park_speed
COL,2017,0.07061,v2_final_strip_park_speed
COL,2018,0.00744,v2_final_strip_park_speed
COL,2019,0.13511,v2_final_strip_park_speed
COL,2020,0.06711,v2_final_strip_park_speed
COL,2021,0.01915,v2_final_strip_park_speed
COL,2022,0.10686,v2_final_strip_park_speed
COL,2023,-0.01636,v2_final_strip_park_speed
COL,2024,0.12328,v2_final_strip_park_speed
COL,2025,-0.13516,v2_final_strip_park_speed
CWS,2015,-0.10147,v2_final_strip_park_speed
CWS,2016,-0.04784,v2_final_strip_park_speed
CWS,2017,0.04393,v2_final_strip_park_speed
CWS,2018,-0.02739,v2_final_strip_park_speed
CWS,2019,-0.08093,v2_final_strip_park_speed
CWS,2020,0.12096,v2_final_strip_park_speed
CWS,2021,-0.05269,v2_final_strip_park_speed
CWS,2022,-0.10785,v2_final_strip_park_speed
CWS,2023,-0.09212,v2_final_strip_park_speed
CWS,2024,-0.17215,v2_final_strip_park_speed
CWS,2025,0.10788,v2_final_strip_park_speed
DET,2015,-0.17545,v2_final_strip_park_speed
DET,2016,-0.24718,v2_final_strip_park_speed
DET,2017,-0.11656,v2_final_strip_park_speed
DET,2018,-0.0714,v2_final_strip_park_speed
DET,2019,-0.26301,v2_final_strip_park_speed
DET,2020,0.11939,v2_final_strip_park_speed
DET,2021,0.04701,v2_final_strip_park_speed
DET,2022,0.14389,v2_final_strip_park_speed
DET,2023,0.13754,v2_final_strip_park_speed
DET,2024,0.12179,v2_final_strip_park_speed
DET,2025,0.04005,v2_final_strip_park_speed
HOU,2015,-0.06744,v2_final_strip_park_speed
HOU,2016,-0.11089,v2_final_strip_park_speed
HOU,2017,0.08569,v2_final_strip_park_speed
HOU,2018,-0.00624,v2_final_strip_park_speed
HOU,2019,0.04007,v2_final_strip_park_speed
HOU,2020,0.10238,v2_final_strip_park_speed
HOU,2021,0.14024,v2_final_strip_park_speed
HOU,2022,0.1326,v2_final_strip_park_speed
HOU,2023,0.06006,v2_final_strip_park_speed
HOU,2024,-0.0679,v2_final_strip_park_speed
HOU,2025,-0.05066,v2_final_strip_park_speed
KC,2015,0.16561,v2_final_strip_park_speed
KC,2016,0.00778,v2_final_strip_park_speed
KC,2017,-0.15271,v2_final_strip_park_speed
KC,2018,-0.0151,v2_final_strip_park_speed
KC,2019,-0.0758,v2_final_strip_park_speed
KC,2020,-0.02587,v2_final_strip_park_speed
KC,2021,0.03618,v2_final_strip_park_speed
KC,2022,-0.03469,v2_final_strip_park_speed
KC,2023,0.01991,v2_final_strip_park_speed
KC,2024,0.0898,v2_final_strip_park_speed
KC,2025,-0.02543,v2_final_strip_park_speed
LAA,2015,-0.20101,v2_final_strip_park_speed
LAA,2016,0.10359,v2_final_strip_park_speed
LAA,2017,0.30875,v2_final_strip_park_speed
LAA,2018,0.0003,v2_final_strip_park_speed
LAA,2019,0.12354,v2_final_strip_park_speed
LAA,2020,-0.0258,v2_final_strip_park_speed
LAA,2021,-0.17933,v2_final_strip_park_speed
LAA,2022,0.05245,v2_final_strip_park_speed
LAA,2023,-0.10861,v2_final_strip_park_speed
LAA,2024,0.00823,v2_final_strip_park_speed
LAA,2025,-0.24529,v2_final_strip_park_speed
LAD,2015,-0.02057,v2_final_strip_park_speed
LAD,2016,-0.01541,v2_final_strip_park_speed
LAD,2017,0.09435,v2_final_strip_park_speed
LAD,2018,0.02721,v2_final_strip_park_speed
LAD,2019,0.14816,v2_final_strip_park_speed
LAD,2020,0.23198,v2_final_strip_park_speed
LAD,2021,0.0516,v2_final_strip_park_speed
LAD,2022,0.07332,v2_final_strip_park_speed
LAD,2023,0.06721,v2_final_strip_park_speed
LAD,2024,0.16113,v2_final_strip_park_speed
LAD,2025,0.11936,v2_final_strip_park_speed
MIA,2015,0.01516,v2_final_strip_park_speed
MIA,2016,0.02147,v2_final_strip_park_speed
MIA,2017,0.15593,v2_final_strip_park_speed
MIA,2018,0.02667,v2_final_strip_park_speed
MIA,2019,0.03,v2_final_strip_park_speed
MIA,2020,-0.10956,v2_final_strip_park_speed
MIA,2021,-0.06911,v2_final_strip_park_speed
MIA,2022,-0.09114,v2_final_strip_park_speed
MIA,2023,-0.10417,v2_final_strip_park_speed
MIA,2024,-0.1228,v2_final_strip_park_speed
MIA,2025,0.11139,v2_final_strip_park_speed
MIL,2015,0.06502,v2_final_strip_park_speed
MIL,2016,-0.03049,v2_final_strip_park_speed
MIL,2017,0.03217,v2_final_strip_park_speed
MIL,2018,0.1947,v2_final_strip_park_speed
MIL,2019,0.08809,v2_final_strip_park_speed
MIL,2020,-0.13641,v2_final_strip_park_speed
MIL,2021,-0.01102,v2_final_strip_park_speed
MIL,2022,-0.00081,v2_final_strip_park_speed
MIL,2023,0.21344,v2_final_strip_park_speed
MIL,2024,0.17947,v2_final_strip_park_speed
MIL,2025,0.14481,v2_final_strip_park_speed
MIN,2015,0.05135,v2_final_strip_park_speed
MIN,2016,-0.18326,v2_final_strip_park_speed
MIN,2017,0.21226,v2_final_strip_park_speed
MIN,2018,-0.0338,v2_final_strip_park_speed
MIN,2019,-0.13329,v2_final_strip_park_speed
MIN,2020,0.06537,v2_final_strip_park_speed
MIN,2021,0.05333,v2_final_strip_park_speed
MIN,2022,0.10591,v2_final_strip_park_speed
MIN,2023,-0.13601,v2_final_strip_park_speed
MIN,2024,-0.17557,v2_final_strip_park_speed
MIN,2025,-0.13724,v2_final_strip_park_speed
NYM,2015,-0.03712,v2_final_strip_park_speed
NYM,2016,-0.1224,v2_final_strip_park_speed
NYM,2017,-0.15713,v2_final_strip_park_speed
NYM,2018,-0.18611,v2_final_strip_park_speed
NYM,2019,-0.22217,v2_final_strip_park_speed
NYM,2020,-0.12811,v2_final_strip_park_speed
NYM,2021,-0.02859,v2_final_strip_park_speed
NYM,2022,-0.17213,v2_final_strip_park_speed
NYM,2023,-0.13471,v2_final_strip_park_speed
NYM,2024,0.08957,v2_final_strip_park_speed
NYM,2025,0.01362,v2_final_strip_park_speed
NYY,2015,-0.1702,v2_final_strip_park_speed
NYY,2016,-0.21377,v2_final_strip_park_speed
NYY,2017,-0.07285,v2_final_strip_park_speed
NYY,2018,-0.04571,v2_final_strip_park_speed
NYY,2019,-0.12639,v2_final_strip_park_speed
NYY,2020,-0.03905,v2_final_strip_park_speed
NYY,2021,-0.06647,v2_final_strip_park_speed
NYY,2022,0.06461,v2_final_strip_park_speed
NYY,2023,0.10388,v2_final_strip_park_speed
NYY,2024,0.03348,v2_final_strip_park_speed
NYY,2025,0.03336,v2_final_strip_park_speed
PHI,2015,-0.14832,v2_final_strip_park_speed
PHI,2016,-0.01873,v2_final_strip_park_speed
PHI,2017,-0.06202,v2_final_strip_park_speed
PHI,2018,-0.21721,v2_final_strip_park_speed
PHI,2019,0.0417,v2_final_strip_park_speed
PHI,2020,-0.22546,v2_final_strip_park_speed
PHI,2021,-0.18934,v2_final_strip_park_speed
PHI,2022,-0.15464,v2_final_strip_park_speed
PHI,2023,-0.08614,v2_final_strip_park_speed
PHI,2024,-0.08914,v2_final_strip_park_speed
PHI,2025,-0.15773,v2_final_strip_park_speed
PIT,2015,-0.08896,v2_final_strip_park_speed
PIT,2016,0.08016,v2_final_strip_park_speed
PIT,2017,-0.06534,v2_final_strip_park_speed
PIT,2018,-0.08765,v2_final_strip_park_speed
PIT,2019,-0.21036,v2_final_strip_park_speed
PIT,2020,0.01793,v2_final_strip_park_speed
PIT,2021,-0.12913,v2_final_strip_park_speed
PIT,2022,-0.12895,v2_final_strip_park_speed
PIT,2023,0.06872,v2_final_strip_park_speed
PIT,2024,-0.10033,v2_final_strip_park_speed
PIT,2025,0.10168,v2_final_strip_park_speed
SD,2015,-0.06215,v2_final_strip_park_speed
SD,2016,-0.04384,v2_final_strip_park_speed
SD,2017,-0.12413,v2_final_strip_park_speed
SD,2018,0.02,v2_final_strip_park_speed
SD,2019,-0.02701,v2_final_strip_park_speed
SD,2020,0.11085,v2_final_strip_park_speed
SD,2021,0.03451,v2_final_strip_park_speed
SD,2022,-0.04714,v2_final_strip_park_speed
SD,2023,0.04241,v2_final_strip_park_speed
SD,2024,-0.0775,v2_final_strip_park_speed
SD,2025,-0.02536,v2_final_strip_park_speed
SEA,2015,-0.09451,v2_final_strip_park_speed
SEA,2016,0.00676,v2_final_strip_park_speed
SEA,2017,-0.03202,v2_final_strip_park_speed
SEA,2018,-0.07974,v2_final_strip_park_speed
SEA,2019,-0.05594,v2_final_strip_park_speed
SEA,2020,0.02101,v2_final_strip_park_speed
SEA,2021,0.01254,v2_final_strip_park_speed
SEA,2022,0.01541,v2_final_strip_park_speed
SEA,2023,-0.06634,v2_final_strip_park_speed
SEA,2024,-0.01133,v2_final_strip_park_speed
SEA,2025,0.0128,v2_final_strip_park_speed
SF,2015,0.28888,v2_final_strip_park_speed
SF,2016,0.21422,v2_final_strip_park_speed
SF,2017,-0.01061,v2_final_strip_park_speed
SF,2018,-0.00374,v2_final_strip_park_speed
SF,2019,0.22964,v2_final_strip_park_speed
SF,2020,0.044,v2_final_strip_park_speed
SF,2021,0.08813,v2_final_strip_park_speed
SF,2022,-0.16415,v2_final_strip_park_speed
SF,2023,-0.03284,v2_final_strip_park_speed
SF,2024,-0.0926,v2_final_strip_park_speed
SF,2025,-0.08464,v2_final_strip_park_speed
STL,2015,0.01792,v2_final_strip_park_speed
STL,2016,-0.20654,v2_final_strip_park_speed
STL,2017,-0.13324,v2_final_strip_park_speed
STL,2018,-0.09124,v2_final_strip_park_speed
STL,2019,0.10434,v2_final_strip_park_speed
STL,2020,0.15205,v2_final_strip_park_speed
STL,2021,0.30619,v2_final_strip_park_speed
STL,2022,0.16067,v2_final_strip_park_speed
STL,2023,-0.16662,v2_final_strip_park_speed
STL,2024,0.00454,v2_final_strip_park_speed
STL,2025,-0.04395,v2_final_strip_park_speed
TB,2015,0.15062,v2_final_strip_park_speed
TB,2016,-0.17441,v2_final_strip_park_speed
TB,2017,0.08087,v2_final_strip_park_speed
TB,2018,0.30955,v2_final_strip_park_speed
TB,2019,0.05887,v2_final_strip_park_speed
TB,2020,0.06344,v2_final_strip_park_speed
TB,2021,0.2611,v2_final_strip_park_speed
TB,2022,0.03739,v2_final_strip_park_speed
TB,2023,0.11954,v2_final_strip_park_speed
TB,2024,0.06,v2_final_strip_park_speed
TB,2025,-0.05635,v2_final_strip_park_speed
TEX,2015,0.02551,v2_final_strip_park_speed
TEX,2016,0.03628,v2_final_strip_park_speed
TEX,2017,0.00362,v2_final_strip_park_speed
TEX,2018,-0.06478,v2_final_strip_park_speed
TEX,2019,-0.10128,v2_final_strip_park_speed
TEX,2020,-0.02952,v2_final_strip_park_speed
TEX,2021,0.09278,v2_final_strip_park_speed
TEX,2022,0.13096,v2_final_strip_park_speed
TEX,2023,0.10858,v2_final_strip_park_speed
TEX,2024,0.16766,v2_final_strip_park_speed
TEX,2025,0.22354,v2_final_strip_park_speed
TOR,2015,-0.0298,v2_final_strip_park_speed
TOR,2016,0.09736,v2_final_strip_park_speed
TOR,2017,-0.18717,v2_final_strip_park_speed
TOR,2018,-0.28799,v2_final_strip_park_speed
TOR,2019,-0.04801,v2_final_strip_park_speed
TOR,2020,-0.08327,v2_final_strip_park_speed
TOR,2021,0.00635,v2_final_strip_park_speed
TOR,2022,0.00096,v2_final_strip_park_speed
TOR,2023,-0.00058,v2_final_strip_park_speed
TOR,2024,0.13083,v2_final_strip_park_speed
TOR,2025,0.062,v2_final_strip_park_speed
WSH,2015,-0.0118,v2_final_strip_park_speed
WSH,2016,0.07355,v2_final_strip_park_speed
WSH,2017,0.0112,v2_final_strip_park_speed
WSH,2018,-0.09403,v2_final_strip_park_speed
WSH,2019,0.10399,v2_final_strip_park_speed
WSH,2020,-0.14368,v2_final_strip_park_speed
WSH,2021,-0.12365,v2_final_strip_park_speed
WSH,2022,-0.15581,v2_final_strip_park_speed
WSH,2023,-0.02618,v2_final_strip_park_speed
WSH,2024,-0.10565,v2_final_strip_park_speed
WSH,2025,-0.03597,v2_final_strip_park_speed
ATH,2023,0.00406,v2_final_sensitivity_2023_25_fit
ATH,2024,-0.02222,v2_final_sensitivity_2023_25_fit
ATH,2025,-0.03795,v2_final_sensitivity_2023_25_fit
ATL,2023,-0.01319,v2_final_sensitivity_2023_25_fit
ATL,2024,-0.0675,v2_final_sensitivity_2023_25_fit
ATL,2025,0.04819,v2_final_sensitivity_2023_25_fit
AZ,2023,0.04041,v2_final_sensitivity_2023_25_fit
AZ,2024,0.01288,v2_final_sensitivity_2023_25_fit
AZ,2025,0.02676,v2_final_sensitivity_2023_25_fit
BAL,2023,0.04985,v2_final_sensitivity_2023_25_fit
BAL,2024,0.0175,v2_final_sensitivity_2023_25_fit
BAL,2025,-0.12634,v2_final_sensitivity_2023_25_fit
BOS,2023,-0.04509,v2_final_sensitivity_2023_25_fit
BOS,2024,0.02604,v2_final_sensitivity_2023_25_fit
BOS,2025,0.04437,v2_final_sensitivity_2023_25_fit
CHC,2023,0.06221,v2_final_sensitivity_2023_25_fit
CHC,2024,-0.03325,v2_final_sensitivity_2023_25_fit
CHC,2025,0.08341,v2_final_sensitivity_2023_25_fit
CIN,2023,-0.06722,v2_final_sensitivity_2023_25_fit
CIN,2024,-0.04564,v2_final_sensitivity_2023_25_fit
CIN,2025,0.05372,v2_final_sensitivity_2023_25_fit
CLE,2023,0.03513,v2_final_sensitivity_2023_25_fit
CLE,2024,0.02453,v2_final_sensitivity_2023_25_fit
CLE,2025,-0.05584,v2_final_sensitivity_2023_25_fit
COL,2023,-0.0304,v2_final_sensitivity_2023_25_fit
COL,2024,0.05746,v2_final_sensitivity_2023_25_fit
COL,2025,-0.10137,v2_final_sensitivity_2023_25_fit
CWS,2023,-0.06461,v2_final_sensitivity_2023_25_fit
CWS,2024,-0.11023,v2_final_sensitivity_2023_25_fit
CWS,2025,0.05179,v2_final_sensitivity_2023_25_fit
DET,2023,0.07404,v2_final_sensitivity_2023_25_fit
DET,2024,0.06753,v2_final_sensitivity_2023_25_fit
DET,2025,0.01803,v2_final_sensitivity_2023_25_fit
HOU,2023,0.03811,v2_final_sensitivity_2023_25_fit
HOU,2024,-0.03795,v2_final_sensitivity_2023_25_fit
HOU,2025,-0.02592,v2_final_sensitivity_2023_25_fit
KC,2023,0.00161,v2_final_sensitivity_2023_25_fit
KC,2024,0.04,v2_final_sensitivity_2023_25_fit
KC,2025,-0.02676,v2_final_sensitivity_2023_25_fit
LAA,2023,-0.01752,v2_final_sensitivity_2023_25_fit
LAA,2024,0.05297,v2_final_sensitivity_2023_25_fit
LAA,2025,-0.09668,v2_final_sensitivity_2023_25_fit
LAD,2023,0.02615,v2_final_sensitivity_2023_25_fit
LAD,2024,0.08628,v2_final_sensitivity_2023_25_fit
LAD,2025,0.05835,v2_final_sensitivity_2023_25_fit
MIA,2023,-0.0502,v2_final_sensitivity_2023_25_fit
MIA,2024,-0.05786,v2_final_sensitivity_2023_25_fit
MIA,2025,0.07661,v2_final_sensitivity_2023_25_fit
MIL,2023,0.11128,v2_final_sensitivity_2023_25_fit
MIL,2024,0.09795,v2_final_sensitivity_2023_25_fit
MIL,2025,0.0726,v2_final_sensitivity_2023_25_fit
MIN,2023,-0.04859,v2_final_sensitivity_2023_25_fit
MIN,2024,-0.07253,v2_final_sensitivity_2023_25_fit
MIN,2025,-0.04888,v2_final_sensitivity_2023_25_fit
NYM,2023,-0.08665,v2_final_sensitivity_2023_25_fit
NYM,2024,0.04061,v2_final_sensitivity_2023_25_fit
NYM,2025,-0.00132,v2_final_sensitivity_2023_25_fit
NYY,2023,0.02827,v2_final_sensitivity_2023_25_fit
NYY,2024,-0.01522,v2_final_sensitivity_2023_25_fit
NYY,2025,-0.01483,v2_final_sensitivity_2023_25_fit
PHI,2023,-0.04059,v2_final_sensitivity_2023_25_fit
PHI,2024,-0.04199,v2_final_sensitivity_2023_25_fit
PHI,2025,-0.08547,v2_final_sensitivity_2023_25_fit
PIT,2023,0.04237,v2_final_sensitivity_2023_25_fit
PIT,2024,-0.06052,v2_final_sensitivity_2023_25_fit
PIT,2025,0.06234,v2_final_sensitivity_2023_25_fit
SD,2023,0.03067,v2_final_sensitivity_2023_25_fit
SD,2024,-0.04324,v2_final_sensitivity_2023_25_fit
SD,2025,-0.00964,v2_final_sensitivity_2023_25_fit
SEA,2023,-0.05054,v2_final_sensitivity_2023_25_fit
SEA,2024,-0.01984,v2_final_sensitivity_2023_25_fit
SEA,2025,-0.00558,v2_final_sensitivity_2023_25_fit
SF,2023,-0.00079,v2_final_sensitivity_2023_25_fit
SF,2024,-0.03994,v2_final_sensitivity_2023_25_fit
SF,2025,-0.02988,v2_final_sensitivity_2023_25_fit
STL,2023,-0.07934,v2_final_sensitivity_2023_25_fit
STL,2024,0.02813,v2_final_sensitivity_2023_25_fit
STL,2025,-0.00805,v2_final_sensitivity_2023_25_fit
TB,2023,0.06537,v2_final_sensitivity_2023_25_fit
TB,2024,0.03154,v2_final_sensitivity_2023_25_fit
TB,2025,-0.03822,v2_final_sensitivity_2023_25_fit
TEX,2023,0.02175,v2_final_sensitivity_2023_25_fit
TEX,2024,0.05611,v2_final_sensitivity_2023_25_fit
TEX,2025,0.08904,v2_final_sensitivity_2023_25_fit
TOR,2023,-0.00941,v2_final_sensitivity_2023_25_fit
TOR,2024,0.07069,v2_final_sensitivity_2023_25_fit
TOR,2025,0.02625,v2_final_sensitivity_2023_25_fit
WSH,2023,-0.00503,v2_final_sensitivity_2023_25_fit
WSH,2024,-0.05322,v2_final_sensitivity_2023_25_fit
WSH,2025,-0.00995,v2_final_sensitivity_2023_25_fit
