season,team_id,dpi_mean,dpi_std,n_games,dpi_half_mean_even,dpi_half_mean_odd,n_games_even,n_games_odd,reliability_R,regressed_dpi,dpi_mean_ci_lo,dpi_mean_ci_hi
2015,ATH,0.3401,2.0042,162,0.16915294117647056,0.5288051948051947,85.0,77.0,0.584,0.3477,0.0361,0.6458
2015,ATL,0.4143,2.1529,162,0.75425,0.08267073170731708,80.0,82.0,0.584,0.391,0.1061,0.7551
2015,AZ,0.6732,2.6179,162,0.7969625,0.5523780487804878,80.0,82.0,0.584,0.5422,0.2784,1.058
2015,BAL,0.4003,2.1407,162,0.5036265060240964,0.2917341772151899,83.0,79.0,0.584,0.3828,0.0853,0.7189
2015,BOS,0.0832,2.2761,162,0.3334516129032258,-0.25415942028985505,93.0,69.0,0.584,0.1976,-0.2585,0.4211
2015,CHC,0.4921,1.9303,171,0.6349230769230769,0.3723870967741935,78.0,93.0,0.584,0.4365,0.1955,0.773
2015,CIN,0.6271,2.4827,162,0.6977261904761904,0.5510512820512821,84.0,78.0,0.584,0.5153,0.2518,1.017
2015,CLE,0.3995,2.1254,161,0.26546250000000005,0.5319259259259259,80.0,81.0,0.584,0.3824,0.0867,0.7314
2015,COL,-0.0117,2.3617,162,-0.17544736842105263,0.13301162790697674,76.0,86.0,0.584,0.1422,-0.3709,0.3366
2015,CWS,0.2725,2.3659,162,0.36375294117647056,0.17166233766233766,85.0,77.0,0.584,0.3082,-0.0742,0.6721
2015,DET,0.106,2.1876,161,0.15715,0.0554814814814815,80.0,81.0,0.584,0.211,-0.2206,0.4393
2015,HOU,0.2166,1.9749,168,0.10034567901234569,0.32483908045977017,81.0,87.0,0.584,0.2756,-0.0591,0.5291
2015,KC,0.592,2.3168,177,0.5702826086956522,0.6155764705882353,92.0,85.0,0.584,0.4948,0.2711,0.9344
2015,LAA,0.1777,1.9628,162,0.39052000000000003,-0.0057816091954022795,75.0,87.0,0.584,0.2528,-0.1228,0.4864
2015,LAD,0.3787,2.0563,167,0.34869047619047616,0.4091566265060241,84.0,83.0,0.584,0.3702,0.0715,0.6884
2015,MIA,0.3901,1.8291,162,0.5529875,0.23121951219512196,80.0,82.0,0.584,0.3769,0.1154,0.6718
2015,MIL,0.4606,2.5586,162,0.42556962025316464,0.4939638554216867,79.0,83.0,0.584,0.4181,0.0599,0.8889
2015,MIN,0.4725,1.9121,162,0.4990361445783133,0.4445696202531645,83.0,79.0,0.584,0.425,0.1646,0.7753
2015,NYM,0.3542,1.7044,175,0.34498863636363636,0.3636091954022988,88.0,87.0,0.584,0.3559,0.1044,0.6091
2015,NYY,0.0241,2.0302,163,-0.19465,0.235,80.0,83.0,0.584,0.1631,-0.2828,0.3322
2015,PHI,0.1081,2.2242,162,0.16435897435897437,0.055869047619047596,78.0,84.0,0.584,0.2122,-0.2333,0.4527
2015,PIT,0.2798,1.9364,163,0.3941686746987952,0.16105,83.0,80.0,0.584,0.3124,-0.024,0.5617
2015,SD,0.2753,2.3345,162,0.1756867469879518,0.37991139240506333,83.0,79.0,0.584,0.3098,-0.06,0.6248
2015,SEA,0.1837,2.4643,162,0.14926582278481018,0.21653012048192774,79.0,83.0,0.584,0.2564,-0.1969,0.5654
2015,SF,0.9417,2.5972,162,0.96425,0.9196829268292683,80.0,82.0,0.584,0.699,0.5477,1.337
2015,STL,0.5193,2.0736,166,0.6009545454545454,0.42717948717948717,88.0,78.0,0.584,0.4523,0.201,0.8447
2015,TB,0.5008,1.8358,162,0.44890243902439025,0.5540875,82.0,80.0,0.584,0.4416,0.2038,0.7751
2015,TEX,0.3708,2.1701,167,0.3123625,0.4244597701149425,80.0,87.0,0.584,0.3656,0.0496,0.6984
2015,TOR,0.3549,2.1916,173,0.2283780487804878,0.46893406593406595,82.0,91.0,0.584,0.3563,0.0105,0.6876
2015,WSH,0.3521,2.1604,162,0.4025822784810127,0.3041325301204819,79.0,83.0,0.584,0.3547,0.0235,0.6987
2016,ATH,0.0497,2.085,162,0.22701315789473683,-0.10708139534883719,76.0,86.0,0.584,0.1204,-0.2557,0.3907
2016,ATL,0.4931,2.4845,161,0.04120930232558142,1.0111733333333333,86.0,75.0,0.584,0.3793,0.1498,0.8993
2016,AZ,0.0339,2.4534,162,-0.20558227848101265,0.2618192771084337,79.0,83.0,0.584,0.1112,-0.3544,0.4107
2016,BAL,0.1167,2.0007,163,-0.012374999999999988,0.24119277108433734,80.0,83.0,0.584,0.1596,-0.1839,0.4255
2016,BOS,0.2429,2.0331,165,0.1676888888888889,0.3332,90.0,75.0,0.584,0.2332,-0.0569,0.5469
2016,CHC,1.0054,1.9809,178,0.8551341463414633,1.13371875,82.0,96.0,0.584,0.6785,0.7172,1.2941
2016,CIN,0.2573,2.2355,162,0.09247826086956519,0.47391428571428573,92.0,70.0,0.584,0.2416,-0.0889,0.6013
2016,CLE,0.3342,2.0524,174,0.46058823529411763,0.21346067415730335,85.0,89.0,0.584,0.2865,0.0323,0.6492
2016,COL,0.0738,2.1258,162,-0.10207894736842105,0.22929069767441856,76.0,86.0,0.584,0.1345,-0.2656,0.397
2016,CWS,0.2203,2.1731,162,0.31421333333333334,0.13934482758620692,75.0,87.0,0.584,0.22,-0.0914,0.545
2016,DET,-0.1888,1.8126,161,-0.2091298701298701,-0.1702023809523809,77.0,84.0,0.584,-0.0189,-0.458,0.096
2016,HOU,0.032,1.8892,162,-0.020543209876543223,0.08454320987654321,81.0,81.0,0.584,0.1101,-0.2601,0.3234
2016,KC,0.1834,1.8616,162,0.04814285714285714,0.32897435897435895,84.0,78.0,0.584,0.1985,-0.1183,0.4641
2016,LAA,0.4636,2.2614,163,0.5854814814814815,0.34319512195121954,81.0,82.0,0.584,0.3621,0.1103,0.8154
2016,LAD,0.178,1.769,173,0.24633333333333335,0.10896511627906977,87.0,86.0,0.584,0.1954,-0.0918,0.4305
2016,MIA,0.2567,1.8953,161,0.2992093023255814,0.2080266666666667,86.0,75.0,0.584,0.2413,-0.0312,0.5364
2016,MIL,0.154,2.0956,162,0.2180357142857143,0.08496153846153846,84.0,78.0,0.584,0.1813,-0.159,0.466
2016,MIN,-0.1395,2.1054,162,0.15972619047619047,-0.46165384615384614,84.0,78.0,0.584,0.0099,-0.4605,0.2022
2016,NYM,0.0914,2.0311,163,0.04778750000000001,0.13336144578313253,80.0,83.0,0.584,0.1447,-0.2054,0.3871
2016,NYY,-0.0861,1.9163,162,-0.01015853658536586,-0.16399999999999998,82.0,80.0,0.584,0.0411,-0.3917,0.2154
2016,PHI,0.2496,1.9511,162,0.2762337662337662,0.22542352941176472,77.0,85.0,0.584,0.2371,-0.0485,0.5493
2016,PIT,0.2577,2.136,162,0.1406547619047619,0.3837820512820513,84.0,78.0,0.584,0.2419,-0.0685,0.5847
2016,SD,0.0082,1.823,162,0.04271428571428572,-0.028897435897435892,84.0,78.0,0.584,0.0962,-0.2768,0.2907
2016,SEA,0.3688,2.0943,162,0.40785185185185185,0.32966666666666666,81.0,81.0,0.584,0.3067,0.0447,0.6861
2016,SF,0.7326,2.2401,167,0.39317857142857143,1.0761927710843373,84.0,83.0,0.584,0.5192,0.3929,1.0646
2016,STL,0.0623,2.0349,162,-0.18975999999999998,0.2795862068965517,75.0,87.0,0.584,0.1278,-0.2463,0.3577
2016,TB,-0.1226,1.7947,162,-0.0234102564102564,-0.21476190476190476,78.0,84.0,0.584,0.0198,-0.3938,0.1546
2016,TEX,0.2634,1.9888,165,0.2795930232558139,0.2456708860759494,86.0,79.0,0.584,0.2452,-0.0502,0.5465
2016,TOR,0.4633,1.9618,171,0.5563132530120481,0.37551136363636367,83.0,88.0,0.584,0.3619,0.1659,0.7649
2016,WSH,0.5345,2.0956,167,0.39616049382716045,0.6647790697674418,81.0,86.0,0.584,0.4035,0.2165,0.8581
2017,ATH,0.5426,2.2081,162,0.5241410256410257,0.5597380952380953,78.0,84.0,0.584,0.4747,0.1996,0.8861
2017,ATL,0.6094,2.6312,162,0.6409756097560976,0.577025,82.0,80.0,0.584,0.5137,0.2337,1.0553
2017,AZ,0.4579,2.0809,166,0.4633809523809524,0.45220731707317074,84.0,82.0,0.584,0.4252,0.1379,0.7679
2017,BAL,0.1035,1.8016,162,0.1645487804878049,0.0409125,82.0,80.0,0.584,0.2183,-0.1693,0.3838
2017,BOS,0.1867,2.2188,166,0.042355263157894764,0.3086666666666667,76.0,90.0,0.584,0.2669,-0.1455,0.5329
2017,CHC,0.6654,1.879,172,0.6256263736263736,0.7101851851851851,91.0,81.0,0.584,0.5465,0.3835,0.9474
2017,CIN,0.0689,2.0759,162,0.06617721518987342,0.07157831325301206,79.0,83.0,0.584,0.1981,-0.241,0.406
2017,CLE,0.3783,1.9297,167,0.1985897435897436,0.5358426966292135,78.0,89.0,0.584,0.3788,0.0923,0.6739
2017,COL,0.0559,2.3697,163,0.16470114942528738,-0.06857894736842107,87.0,76.0,0.584,0.1905,-0.2913,0.4154
2017,CWS,0.4733,2.1677,162,0.48860714285714285,0.45671794871794874,84.0,78.0,0.584,0.4342,0.1699,0.8147
2017,DET,0.2834,2.7943,162,0.0019069767441860276,0.6018289473684211,86.0,76.0,0.584,0.3233,-0.1283,0.7053
2017,HOU,0.3834,2.1059,179,0.45625301204819274,0.32045833333333335,83.0,96.0,0.584,0.3818,0.0938,0.6818
2017,KC,0.1398,2.0388,162,0.0027160493827160462,0.2768024691358025,81.0,81.0,0.584,0.2395,-0.1663,0.4503
2017,LAA,1.0314,2.4043,162,1.227875,0.8397682926829269,80.0,82.0,0.584,0.7602,0.6489,1.4046
2017,LAD,0.532,1.9392,176,0.6657176470588235,0.4070879120879121,85.0,91.0,0.584,0.4685,0.2283,0.8088
2017,MIA,0.5734,2.0691,162,0.3733947368421053,0.7502093023255814,76.0,86.0,0.584,0.4927,0.2472,0.8886
2017,MIL,0.3803,1.9403,162,0.4228764044943821,0.32834246575342463,89.0,73.0,0.584,0.3799,0.0923,0.6892
2017,MIN,0.7183,2.4709,163,0.7376913580246913,0.6990487804878048,81.0,82.0,0.584,0.5773,0.3404,1.1075
2017,NYM,0.0493,1.9306,162,0.06730337078651685,0.027273972602739744,89.0,73.0,0.584,0.1866,-0.2436,0.3426
2017,NYY,0.3404,1.7886,175,0.6824578313253011,0.031804347826086966,83.0,92.0,0.584,0.3566,0.0749,0.5855
2017,PHI,0.2957,2.1075,162,0.5150389610389611,0.09709411764705884,77.0,85.0,0.584,0.3306,-0.0367,0.6204
2017,PIT,0.3682,1.9805,162,0.7733924050632911,-0.017542168674698797,79.0,83.0,0.584,0.3728,0.0614,0.6764
2017,SD,0.1372,2.2416,162,0.2089176470588235,0.058025974025974,85.0,77.0,0.584,0.238,-0.1874,0.4931
2017,SEA,0.3833,2.1119,162,0.19951851851851854,0.5671358024691359,81.0,81.0,0.584,0.3817,0.0564,0.7014
2017,SF,0.4484,2.1116,162,0.4251976744186047,0.4747105263157895,86.0,76.0,0.584,0.4197,0.1322,0.7481
2017,STL,0.2979,1.9532,162,0.2544625,0.3402317073170732,80.0,82.0,0.584,0.3318,-0.0044,0.592
2017,TB,0.5371,2.1918,162,0.6221463414634146,0.450025,82.0,80.0,0.584,0.4715,0.2016,0.8747
2017,TEX,0.4929,2.3498,162,0.3189404761904762,0.6802179487179487,84.0,78.0,0.584,0.4457,0.1222,0.8599
2017,TOR,-0.0763,2.0316,162,0.04594936708860762,-0.19272289156626507,79.0,83.0,0.584,0.1133,-0.398,0.2583
2017,WSH,0.525,2.1039,167,0.42037974683544305,0.6189204545454545,79.0,88.0,0.584,0.4644,0.1914,0.8306
2018,ATH,0.8121,1.7566,163,0.6229873417721519,0.9898809523809524,79.0,84.0,0.584,0.5754,0.5517,1.0742
2018,ATL,0.7599,1.703,166,0.6097666666666667,0.9376973684210527,90.0,76.0,0.584,0.545,0.4845,1.0169
2018,AZ,0.6409,1.8604,162,0.7295569620253165,0.5565180722891566,79.0,83.0,0.584,0.4755,0.3653,0.9336
2018,BAL,-0.1341,1.9786,162,-0.040129870129870106,-0.21915294117647058,77.0,85.0,0.584,0.0229,-0.4432,0.1549
2018,BOS,0.2098,1.8771,176,0.026325842696629208,0.39758620689655166,89.0,87.0,0.584,0.2237,-0.0705,0.4777
2018,CHC,0.7789,1.8862,164,0.814367816091954,0.7388571428571429,87.0,77.0,0.584,0.5561,0.4773,1.0575
2018,CIN,0.1156,1.9845,162,0.5035555555555556,-0.2724320987654321,81.0,81.0,0.584,0.1687,-0.1969,0.4113
2018,CLE,0.0856,1.6521,165,0.09147674418604652,0.07915189873417722,86.0,79.0,0.584,0.1512,-0.1517,0.3407
2018,COL,0.0711,1.9491,167,0.07906329113924052,0.06398863636363637,79.0,88.0,0.584,0.1427,-0.2128,0.358
2018,CWS,0.2884,1.9985,162,0.16030666666666663,0.39879310344827584,75.0,87.0,0.584,0.2696,-0.0102,0.5839
2018,DET,0.0719,1.743,162,0.21250617283950618,-0.06864197530864195,81.0,81.0,0.584,0.1432,-0.1906,0.3389
2018,HOU,0.2833,1.6672,170,0.4687613636363636,0.08417073170731706,88.0,82.0,0.584,0.2666,0.0447,0.5352
2018,KC,0.1591,1.9596,162,0.4829285714285715,-0.18971794871794873,84.0,78.0,0.584,0.1941,-0.1566,0.455
2018,LAA,0.299,1.649,162,0.23080232558139535,0.37607894736842107,86.0,76.0,0.584,0.2758,0.0488,0.5599
2018,LAD,0.2527,1.69,179,0.12811363636363635,0.37326373626373627,88.0,91.0,0.584,0.2488,0.0074,0.5106
2018,MIA,0.2899,1.9876,161,-0.04095402298850574,0.6789324324324324,87.0,74.0,0.584,0.2705,-0.0125,0.609
2018,MIL,0.6196,1.784,173,0.5518214285714286,0.6836516853932584,84.0,89.0,0.584,0.4631,0.3596,0.8947
2018,MIN,0.1496,1.9448,162,0.01629761904761905,0.29307692307692307,84.0,78.0,0.584,0.1885,-0.1587,0.4478
2018,NYM,-0.0315,1.9249,162,0.03591549295774648,-0.08416483516483517,71.0,91.0,0.584,0.0828,-0.3245,0.2582
2018,NYY,0.1713,1.8327,167,0.35368674698795183,-0.008928571428571432,83.0,84.0,0.584,0.2012,-0.1132,0.4374
2018,PHI,-0.1217,1.9128,162,0.015157303370786555,-0.28854794520547944,89.0,73.0,0.584,0.0301,-0.4184,0.1826
2018,PIT,0.2552,1.8735,161,0.29503896103896105,0.21861904761904763,77.0,84.0,0.584,0.2502,-0.0429,0.545
2018,SD,0.2754,1.7815,162,0.47525641025641024,0.08986904761904761,78.0,84.0,0.584,0.262,0.0201,0.5464
2018,SEA,0.2355,1.8522,162,0.27765,0.19446341463414635,80.0,82.0,0.584,0.2387,-0.0558,0.5279
2018,SF,0.2963,1.9705,162,-0.08807594936708858,0.6622168674698795,79.0,83.0,0.584,0.2742,-0.0049,0.6024
2018,STL,0.2041,1.8036,162,0.131474358974359,0.2715714285714285,78.0,84.0,0.584,0.2204,-0.0857,0.4598
2018,TB,0.411,1.6659,162,0.4341978021978022,0.3812676056338028,91.0,71.0,0.584,0.3412,0.1555,0.6681
2018,TEX,0.0156,1.7973,162,-0.28191891891891896,0.2657840909090909,74.0,88.0,0.584,0.1103,-0.256,0.2825
2018,TOR,-0.3432,1.6464,162,-0.36015,-0.32658536585365855,80.0,82.0,0.584,-0.0992,-0.5896,-0.0924
2018,WSH,0.176,1.6506,162,0.23807692307692307,0.11826190476190475,78.0,84.0,0.584,0.2039,-0.0792,0.4402
2019,ATH,0.28,1.824,166,0.21331707317073167,0.3450119047619048,82.0,84.0,0.584,0.1761,-0.0137,0.5625
2019,ATL,0.2672,1.713,174,0.08970454545454545,0.4489186046511628,88.0,86.0,0.584,0.1687,0.0148,0.524
2019,AZ,0.5151,1.6669,169,0.40986516853932586,0.6321749999999999,89.0,80.0,0.584,0.3134,0.2729,0.7729
2019,BAL,-0.1338,1.9178,169,0.08467857142857144,-0.3496941176470588,84.0,85.0,0.584,-0.0655,-0.4493,0.1509
2019,BOS,-0.471,1.8718,168,-0.5867590361445784,-0.3579764705882353,83.0,85.0,0.584,-0.2625,-0.755,-0.2013
2019,CHC,0.2097,1.8136,170,0.19875,0.22041860465116278,84.0,86.0,0.584,0.1351,-0.0426,0.4868
2019,CIN,0.1082,1.5922,170,-0.00523333333333332,0.2357375,90.0,80.0,0.584,0.0758,-0.1229,0.3489
2019,CLE,0.0252,1.7424,170,0.11299999999999999,-0.05854022988505747,83.0,87.0,0.584,0.0273,-0.2225,0.2916
2019,COL,0.034,2.1218,168,0.3135301204819277,-0.2389411764705882,83.0,85.0,0.584,0.0325,-0.295,0.3599
2019,CWS,-0.093,1.9748,168,-0.2590235294117647,0.07709638554216869,85.0,83.0,0.584,-0.0417,-0.399,0.1984
2019,DET,-0.4462,1.8805,167,-0.5025714285714286,-0.3890722891566265,84.0,83.0,0.584,-0.248,-0.7262,-0.1611
2019,HOU,0.0593,1.6989,187,-0.03358333333333333,0.15726373626373627,96.0,91.0,0.584,0.0472,-0.1793,0.3015
2019,KC,-0.068,1.7811,167,-0.05148192771084339,-0.08422619047619045,83.0,84.0,0.584,-0.0271,-0.336,0.1945
2019,LAA,0.1714,1.7014,170,0.18497647058823527,0.15782352941176472,85.0,85.0,0.584,0.1127,-0.0884,0.4321
2019,LAD,0.3734,1.7944,174,0.3459047619047619,0.3990888888888889,84.0,90.0,0.584,0.2307,0.1077,0.6426
2019,MIA,0.1121,1.7783,167,-0.11819512195121949,0.33424705882352945,82.0,85.0,0.584,0.0781,-0.1659,0.3715
2019,MIL,0.1029,2.118,171,0.15669767441860466,0.048388235294117656,86.0,85.0,0.584,0.0727,-0.2188,0.4191
2019,MIN,-0.2159,1.8101,170,-0.6643373493975904,0.21195402298850577,83.0,87.0,0.584,-0.1135,-0.4901,0.0463
2019,NYM,-0.186,1.6795,168,-0.2577294117647059,-0.11259036144578316,85.0,83.0,0.584,-0.0961,-0.4394,0.0662
2019,NYY,-0.2628,1.9827,177,-0.6919111111111111,0.181183908045977,90.0,87.0,0.584,-0.1409,-0.5749,0.0435
2019,PHI,0.0724,1.933,168,0.1153720930232558,0.02728048780487806,86.0,82.0,0.584,0.0549,-0.2205,0.3599
2019,PIT,-0.2706,1.8308,170,-0.4241777777777778,-0.09788749999999999,90.0,80.0,0.584,-0.1455,-0.53,0.0001
2019,SD,0.0153,1.9618,168,-0.09724691358024691,0.12003448275862066,81.0,87.0,0.584,0.0215,-0.2806,0.3097
2019,SEA,-0.0076,1.8292,166,-0.1307951807228916,0.11551807228915661,83.0,83.0,0.584,0.0081,-0.2746,0.266
2019,SF,0.4016,1.9772,170,0.5139878048780487,0.2968977272727273,82.0,88.0,0.584,0.2471,0.0818,0.6935
2019,STL,0.4611,1.4904,177,0.39521111111111107,0.5293448275862068,90.0,87.0,0.584,0.2819,0.243,0.6704
2019,TB,-0.0342,1.9146,175,0.06309302325581397,-0.1282696629213483,86.0,89.0,0.584,-0.0074,-0.3168,0.235
2019,TEX,-0.2658,1.6951,170,-0.503093023255814,-0.02279761904761905,86.0,84.0,0.584,-0.1426,-0.5224,-0.0084
2019,TOR,-0.1669,1.8141,169,-0.45452941176470596,0.1240595238095238,85.0,84.0,0.584,-0.0849,-0.4291,0.1165
2019,WSH,0.3209,1.7097,185,0.3670568181818182,0.27910309278350515,88.0,97.0,0.584,0.2,0.0594,0.5647
2020,ATH,0.1763,1.9213,67,0.2022222222222222,0.14629032258064514,36.0,31.0,0.732,0.1849,-0.2767,0.6338
2020,ATL,0.1604,1.9339,72,0.20631428571428573,0.116972972972973,35.0,37.0,0.732,0.1733,-0.2997,0.5773
2020,AZ,0.2374,1.9502,60,0.6602500000000001,-0.13265625000000003,28.0,32.0,0.732,0.2296,-0.2457,0.6876
2020,BAL,0.3128,1.7503,60,0.43983333333333335,0.18573333333333333,30.0,30.0,0.732,0.2848,-0.1222,0.7498
2020,BOS,-0.4049,2.0089,60,-0.24722580645161293,-0.573448275862069,31.0,29.0,0.732,-0.2405,-0.92,0.1123
2020,CHC,0.7017,2.0353,62,0.8115517241379311,0.6050909090909091,29.0,33.0,0.732,0.5695,0.2278,1.1991
2020,CIN,-0.2979,2.0035,62,-0.6403235294117647,0.11800000000000004,34.0,28.0,0.732,-0.1622,-0.7826,0.197
2020,CLE,-0.0081,1.5858,62,-0.21466666666666667,0.2779615384615385,36.0,26.0,0.732,0.0499,-0.4151,0.3804
2020,COL,0.2489,1.8093,60,0.4247586206896552,0.08432258064516128,29.0,31.0,0.732,0.238,-0.2314,0.6943
2020,CWS,0.7012,1.6079,63,0.6633448275862068,0.7335294117647059,29.0,34.0,0.732,0.5691,0.2929,1.1022
2020,DET,0.5377,1.6726,58,0.7614137931034483,0.31400000000000006,29.0,29.0,0.732,0.4494,0.112,0.9446
2020,HOU,0.4632,1.87,73,0.29079411764705876,0.6134871794871796,34.0,39.0,0.732,0.3949,0.0422,0.8659
2020,KC,0.2384,2.2648,60,0.13199999999999998,0.3521724137931035,31.0,29.0,0.732,0.2304,-0.3512,0.808
2020,LAA,0.1115,1.6859,60,-0.116258064516129,0.35503448275862065,31.0,29.0,0.732,0.1375,-0.3002,0.5262
2020,LAD,0.7337,1.613,78,0.7385833333333333,0.729452380952381,36.0,42.0,0.732,0.5929,0.3707,1.0903
2020,MIA,0.0034,1.733,65,-0.1611724137931035,0.13588888888888892,29.0,36.0,0.732,0.0583,-0.4332,0.436
2020,MIL,-0.1072,1.8717,62,-0.20610714285714282,-0.02582352941176468,28.0,34.0,0.732,-0.0227,-0.582,0.3401
2020,MIN,0.4311,1.9384,62,0.57603125,0.2765333333333333,32.0,30.0,0.732,0.3714,-0.0799,0.8947
2020,NYM,-0.212,1.7283,60,-0.12284615384615384,-0.2802352941176471,26.0,34.0,0.732,-0.0994,-0.6579,0.2161
2020,NYY,0.1049,1.5069,67,0.2620294117647059,-0.05693939393939393,34.0,33.0,0.732,0.1327,-0.2469,0.465
2020,PHI,-0.3949,1.6364,60,-0.524,-0.28196875,28.0,32.0,0.732,-0.2332,-0.796,0.0104
2020,PIT,0.3575,1.7502,60,0.38709375,0.32360714285714287,32.0,28.0,0.732,0.3175,-0.0491,0.7741
2020,SD,0.4855,1.5631,66,0.45063888888888887,0.5272333333333333,36.0,30.0,0.732,0.4112,0.1125,0.866
2020,SEA,0.4323,1.5211,60,0.12883333333333333,0.7358333333333333,30.0,30.0,0.732,0.3723,0.0482,0.7901
2020,SF,0.2493,1.7087,60,0.3170322580645161,0.17686206896551726,31.0,29.0,0.732,0.2383,-0.1797,0.6634
2020,STL,0.9994,1.8504,61,0.9485333333333333,1.0486774193548387,30.0,31.0,0.732,0.7874,0.5409,1.4721
2020,TB,0.2445,1.7516,80,0.5011904761904762,-0.03928947368421052,42.0,38.0,0.732,0.2348,-0.1579,0.6288
2020,TEX,0.032,1.5306,60,0.0826206896551724,-0.015290322580645162,29.0,31.0,0.732,0.0793,-0.3421,0.4287
2020,TOR,-0.0829,2.0405,62,-0.17840624999999993,0.018900000000000007,32.0,30.0,0.732,-0.0049,-0.624,0.4377
2020,WSH,-0.2035,1.9093,60,0.02687999999999997,-0.3680285714285714,25.0,35.0,0.732,-0.0931,-0.6801,0.2465
2021,ATH,0.524,1.5976,171,0.7294565217391304,0.28465822784810124,92.0,79.0,0.584,0.4543,0.3049,0.7707
2021,ATL,0.69,1.7422,187,0.9542812500000001,0.41126373626373625,96.0,91.0,0.584,0.5513,0.4381,0.9513
2021,AZ,0.1187,1.866,172,-0.03608163265306121,0.32371621621621627,98.0,74.0,0.584,0.2176,-0.1652,0.3889
2021,BAL,0.2502,1.7026,172,0.24098809523809525,0.2589431818181818,84.0,88.0,0.584,0.2944,0.0103,0.5065
2021,BOS,-0.1306,1.7953,184,-0.1983068181818182,-0.06851041666666667,88.0,96.0,0.584,0.072,-0.3909,0.1169
2021,CHC,0.3147,1.8855,172,0.14530208333333333,0.5286973684210526,96.0,76.0,0.584,0.3321,0.0476,0.6016
2021,CIN,-0.0183,1.7752,171,-0.1106829268292683,0.06685393258426968,82.0,89.0,0.584,0.1376,-0.2787,0.244
2021,CLE,0.43,1.7283,172,0.11384705882352938,0.7389080459770114,85.0,87.0,0.584,0.3994,0.1703,0.6776
2021,COL,0.1725,1.7804,172,0.34167441860465114,0.00337209302325583,86.0,86.0,0.584,0.249,-0.092,0.4382
2021,CWS,0.3062,1.5728,176,0.34703225806451615,0.2603975903614458,93.0,83.0,0.584,0.3271,0.0761,0.5341
2021,DET,0.4327,1.8576,173,0.24008988764044947,0.6366904761904761,89.0,84.0,0.584,0.401,0.1672,0.7106
2021,HOU,0.57,1.9187,185,0.4352857142857143,0.7217701149425287,98.0,87.0,0.584,0.4812,0.295,0.8441
2021,KC,0.4201,1.7543,171,0.3204861111111111,0.49257575757575756,72.0,99.0,0.584,0.3936,0.1675,0.6769
2021,LAA,0.0542,1.699,172,0.08021739130434784,0.024262500000000006,92.0,80.0,0.584,0.1799,-0.2101,0.2915
2021,LAD,0.5019,1.5969,184,0.3854555555555556,0.6133085106382979,90.0,94.0,0.584,0.4414,0.2671,0.7248
2021,MIA,0.247,1.758,170,0.24406493506493507,0.2493548387096774,77.0,93.0,0.584,0.2925,-0.0067,0.4924
2021,MIL,0.4023,1.5831,177,0.17814814814814814,0.5914270833333334,81.0,96.0,0.584,0.3832,0.1669,0.6243
2021,MIN,0.4203,1.922,173,0.16908860759493666,0.6314787234042554,79.0,94.0,0.584,0.3938,0.1511,0.7094
2021,NYM,0.4187,1.8951,170,0.6555243902439024,0.19794318181818182,82.0,88.0,0.584,0.3928,0.1422,0.697
2021,NYY,0.2202,1.7819,173,0.24485393258426963,0.194,89.0,84.0,0.584,0.2769,-0.0362,0.4801
2021,PHI,-0.0168,1.8642,172,-0.15152222222222222,0.13114634146341467,90.0,82.0,0.584,0.1385,-0.2807,0.2591
2021,PIT,0.1808,1.9891,173,0.4823255813953488,-0.11735632183908047,86.0,87.0,0.584,0.2538,-0.1104,0.4719
2021,SD,0.4281,1.8769,172,0.36462222222222224,0.49774390243902444,90.0,82.0,0.584,0.3983,0.1699,0.7147
2021,SEA,0.4919,1.7233,171,0.2954935064935065,0.6527021276595745,77.0,94.0,0.584,0.4355,0.2427,0.7562
2021,SF,0.5677,1.7196,176,0.39627586206896553,0.7352022471910113,87.0,89.0,0.584,0.4798,0.3134,0.8135
2021,STL,1.0203,1.7917,171,0.9667812499999999,1.0887333333333333,96.0,75.0,0.584,0.7441,0.7493,1.2894
2021,TB,0.6515,1.8478,177,0.8123291139240507,0.5218775510204081,79.0,98.0,0.584,0.5288,0.3856,0.916
2021,TEX,0.4098,1.8332,173,0.08395180722891568,0.7103222222222223,83.0,90.0,0.584,0.3876,0.1339,0.6766
2021,TOR,0.4009,1.7614,172,0.3701463414634146,0.42887777777777775,82.0,90.0,0.584,0.3824,0.1398,0.6706
2021,WSH,0.215,1.9664,170,0.3057582417582418,0.11041772151898734,91.0,79.0,0.584,0.2738,-0.0708,0.5101
2022,ATH,0.3855,1.7857,178,0.23754651162790696,0.5238804347826087,86.0,92.0,0.584,0.3865,0.127,0.6394
2022,ATL,0.4371,1.6712,181,0.4283645833333333,0.44703529411764703,96.0,85.0,0.584,0.4167,0.1858,0.6741
2022,AZ,0.6182,1.7979,181,0.43830769230769234,0.8000555555555555,91.0,90.0,0.584,0.5224,0.3617,0.8731
2022,BAL,0.2917,1.7674,178,0.2622705882352941,0.318505376344086,85.0,93.0,0.584,0.3317,0.0352,0.5525
2022,BOS,0.1234,2.0017,178,-0.043633333333333336,0.2942272727272727,90.0,88.0,0.584,0.2334,-0.1854,0.4277
2022,CHC,0.454,1.8829,179,0.5871797752808989,0.32237777777777776,89.0,90.0,0.584,0.4265,0.1693,0.7371
2022,CIN,-0.0725,1.9112,178,0.08141463414634147,-0.20389583333333336,82.0,96.0,0.584,0.1191,-0.3384,0.1987
2022,CLE,0.7499,1.522,187,0.7173218390804598,0.77818,87.0,100.0,0.584,0.5993,0.5297,0.9691
2022,COL,0.1667,2.0094,179,0.013544444444444454,0.32164044943820225,90.0,89.0,0.584,0.2587,-0.1209,0.4581
2022,CWS,0.1673,1.6538,178,0.1617303370786517,0.1728314606741573,89.0,89.0,0.584,0.2591,-0.0722,0.4074
2022,DET,0.579,1.7579,178,0.5877415730337079,0.5703258426966292,89.0,89.0,0.584,0.4995,0.3161,0.8459
2022,HOU,0.7299,1.714,183,0.8971075268817204,0.5571555555555555,93.0,90.0,0.584,0.5877,0.4883,0.9879
2022,KC,0.2128,1.9357,178,0.5165952380952381,-0.05875531914893617,84.0,94.0,0.584,0.2856,-0.0719,0.4831
2022,LAA,0.5479,1.6561,178,0.6256046511627907,0.4751739130434783,86.0,92.0,0.584,0.4813,0.2891,0.7769
2022,LAD,0.6914,1.7887,182,0.6618913043478261,0.7216,92.0,90.0,0.584,0.5652,0.4378,0.9394
2022,MIA,0.3163,1.8169,174,0.17295918367346935,0.5012368421052632,98.0,76.0,0.584,0.3461,0.0396,0.5844
2022,MIL,0.3888,1.6238,178,0.09449999999999999,0.6517872340425532,84.0,94.0,0.584,0.3884,0.1404,0.6266
2022,MIN,0.5028,1.6605,178,0.4655888888888889,0.5409318181818181,90.0,88.0,0.584,0.455,0.2739,0.7471
2022,NYM,0.2811,1.7268,179,0.14366666666666666,0.41097826086956524,87.0,92.0,0.584,0.3255,0.0202,0.5364
2022,NYY,0.5899,1.9648,188,0.8067083333333334,0.3636847826086957,96.0,92.0,0.584,0.5059,0.3161,0.8665
2022,PHI,0.1829,1.9401,193,0.24216666666666667,0.11646153846153845,102.0,91.0,0.584,0.2682,-0.0937,0.4513
2022,PIT,0.1406,1.9252,178,0.036151162790697675,0.23820652173913043,86.0,92.0,0.584,0.2435,-0.1631,0.4185
2022,SD,0.4164,1.6113,190,0.2617978723404255,0.5676875,94.0,96.0,0.584,0.4045,0.1987,0.645
2022,SEA,0.6057,1.621,183,0.6744886363636363,0.5418842105263157,88.0,95.0,0.584,0.5151,0.3692,0.8444
2022,SF,0.0651,1.8297,177,0.05292391304347824,0.07836470588235295,92.0,85.0,0.584,0.1994,-0.2068,0.3309
2022,STL,0.7227,1.8261,177,0.5439883720930233,0.8915824175824176,86.0,91.0,0.584,0.5834,0.4753,0.9923
2022,TB,0.4356,1.6054,181,0.40003191489361706,0.4739655172413793,94.0,87.0,0.584,0.4158,0.2042,0.6573
2022,TEX,0.462,1.8226,178,0.4461978021978022,0.4786091954022989,91.0,87.0,0.584,0.4312,0.1942,0.7173
2022,TOR,0.4109,1.8871,179,0.1811046511627907,0.6233225806451613,86.0,93.0,0.584,0.4013,0.1372,0.6913
2022,WSH,0.0347,1.6682,175,0.10792631578947366,-0.05223749999999999,95.0,80.0,0.584,0.1816,-0.2045,0.2705
2023,ATH,0.0159,1.8534,161,-0.003166666666666651,0.036597402597402566,84.0,77.0,0.584,0.1357,-0.2668,0.283
2023,ATL,0.2862,1.6314,165,0.2792125,0.2928470588235294,80.0,85.0,0.584,0.2936,0.045,0.5412
2023,AZ,0.415,1.9339,176,0.2318068181818182,0.5982613636363636,88.0,88.0,0.584,0.3688,0.1327,0.6971
2023,BAL,0.5828,1.8616,164,0.7927317073170732,0.37291463414634146,82.0,82.0,0.584,0.4668,0.2988,0.8702
2023,BOS,-0.1503,1.8341,161,-0.2161645569620253,-0.08685365853658536,79.0,82.0,0.584,0.0386,-0.4387,0.137
2023,CHC,0.588,1.8959,161,0.5629090909090909,0.6110000000000001,77.0,84.0,0.584,0.4698,0.3009,0.8794
2023,CIN,-0.0269,1.9848,161,-0.2609041095890411,0.16730681818181822,73.0,88.0,0.584,0.1107,-0.345,0.2919
2023,CLE,0.4824,1.7878,160,0.6162816901408451,0.37552808988764047,71.0,89.0,0.584,0.4081,0.2191,0.7771
2023,COL,-0.2129,2.0339,160,-0.36597590361445786,-0.04787012987012987,83.0,77.0,0.584,0.0021,-0.5311,0.0832
2023,CWS,0.0826,1.8911,160,0.23583544303797468,-0.06693827160493827,79.0,81.0,0.584,0.1746,-0.2097,0.3918
2023,DET,0.5462,2.188,161,0.49879069767441864,0.6005733333333333,86.0,75.0,0.584,0.4454,0.2257,0.8874
2023,HOU,0.3983,1.8624,171,0.52475,0.22014084507042256,100.0,71.0,0.584,0.359,0.1123,0.6689
2023,KC,0.2868,1.7057,161,0.309825,0.26414814814814813,80.0,81.0,0.584,0.2939,0.0139,0.547
2023,LAA,0.1303,2.0982,161,0.24926744186046512,-0.00621333333333333,86.0,75.0,0.584,0.2025,-0.1828,0.4542
2023,LAD,0.4828,2.0737,163,0.5173815789473684,0.45256321839080454,76.0,87.0,0.584,0.4084,0.1487,0.8201
2023,MIA,0.1978,1.7693,162,0.361875,0.037768292682926835,80.0,82.0,0.584,0.2419,-0.0644,0.4605
2023,MIL,0.7586,1.7202,163,0.8453544303797469,0.6769166666666666,79.0,84.0,0.584,0.5694,0.4867,1.0198
2023,MIN,0.0959,1.6996,167,0.37527906976744185,-0.20075308641975312,86.0,81.0,0.584,0.1824,-0.1562,0.34
2023,NYM,0.1193,1.6477,160,0.19720454545454544,0.02401388888888889,88.0,72.0,0.584,0.1961,-0.1403,0.375
2023,NYY,0.4845,1.7317,161,0.4057901234567901,0.56425,81.0,80.0,0.584,0.4094,0.2118,0.7521
2023,PHI,0.2292,1.8045,174,0.16762820512820512,0.2792708333333333,78.0,96.0,0.584,0.2603,-0.0287,0.4957
2023,PIT,0.4448,1.7101,161,0.2995222222222222,0.6289154929577465,90.0,71.0,0.584,0.3862,0.1649,0.7025
2023,SD,0.4834,1.6798,160,0.2113875,0.7555,80.0,80.0,0.584,0.4088,0.2348,0.7446
2023,SEA,0.4556,1.7876,160,0.6021124999999999,0.3091125,80.0,80.0,0.584,0.3925,0.1796,0.7394
2023,SF,0.2461,1.9484,161,0.37839240506329114,0.11871951219512196,79.0,82.0,0.584,0.2702,-0.0544,0.5363
2023,STL,0.0928,1.7961,161,0.2312191780821918,-0.022011363636363638,73.0,88.0,0.584,0.1806,-0.1937,0.3621
2023,TB,0.4678,1.9367,163,0.254421052631579,0.6542183908045978,76.0,87.0,0.584,0.3996,0.1647,0.7454
2023,TEX,0.4497,1.8913,177,0.4826206896551724,0.4178333333333334,87.0,90.0,0.584,0.389,0.1713,0.7291
2023,TOR,0.3854,1.7202,163,0.5256341463414633,0.24337037037037038,82.0,81.0,0.584,0.3515,0.123,0.6481
2023,WSH,0.2989,1.9037,161,0.28856626506024097,0.309948717948718,83.0,78.0,0.584,0.301,0.0068,0.6068
2024,ATH,0.1378,1.9012,168,0.11539285714285716,0.16023809523809524,84.0,84.0,0.584,0.2453,-0.1556,0.4272
2024,ATL,0.3426,1.8509,170,0.5147613636363636,0.15791463414634146,88.0,82.0,0.584,0.3649,0.0627,0.6068
2024,AZ,0.4119,1.8643,169,0.6777804878048781,0.16133333333333333,82.0,87.0,0.584,0.4054,0.1359,0.6809
2024,BAL,0.4825,1.7975,169,0.5803292682926828,0.3902298850574712,82.0,87.0,0.584,0.4466,0.2084,0.7495
2024,BOS,0.2802,1.8387,169,0.5074500000000001,0.07585393258426966,80.0,89.0,0.584,0.3285,0.0107,0.5675
2024,CHC,0.4098,1.8034,170,0.2935,0.5234302325581396,84.0,86.0,0.584,0.4042,0.1359,0.679
2024,CIN,0.1805,1.6465,168,0.1468235294117647,0.21497590361445787,85.0,83.0,0.584,0.2703,-0.0607,0.4339
2024,CLE,0.5464,1.6372,177,0.4413068181818182,0.650247191011236,88.0,89.0,0.584,0.4839,0.308,0.7895
2024,COL,0.2012,2.0102,169,0.11648351648351649,0.30003846153846153,91.0,78.0,0.584,0.2823,-0.0964,0.4968
2024,CWS,-0.0534,2.0242,168,-0.09235365853658535,-0.01619767441860465,82.0,86.0,0.584,0.1337,-0.3477,0.2367
2024,DET,0.5823,1.8824,176,0.4599101123595506,0.7074482758620689,89.0,87.0,0.584,0.5049,0.3049,0.8471
2024,HOU,0.279,1.9067,166,0.169561797752809,0.4054285714285714,89.0,77.0,0.584,0.3278,-0.0032,0.5521
2024,KC,0.6514,1.6976,173,0.3355172413793103,0.9709186046511628,87.0,86.0,0.584,0.5453,0.4127,0.8979
2024,LAA,0.462,1.7298,169,0.6280117647058824,0.2940714285714286,85.0,84.0,0.584,0.4347,0.196,0.7179
2024,LAD,0.712,1.7982,181,0.6194588235294117,0.7939583333333333,85.0,96.0,0.584,0.5807,0.4678,0.963
2024,MIA,0.1331,1.7851,165,-0.05142168674698796,0.31995121951219513,83.0,82.0,0.584,0.2426,-0.1301,0.4127
2024,MIL,0.633,1.7553,172,0.6231954022988505,0.642964705882353,87.0,85.0,0.584,0.5345,0.3768,0.8896
2024,MIN,0.1639,1.6506,168,0.14704878048780484,0.17993023255813953,82.0,86.0,0.584,0.2605,-0.0859,0.4159
2024,NYM,0.5572,1.7292,182,0.5415729166666666,0.5747325581395348,96.0,86.0,0.584,0.4903,0.2948,0.8208
2024,NYY,0.4647,1.854,183,0.5077368421052632,0.41824999999999996,95.0,88.0,0.584,0.4362,0.1942,0.7408
2024,PHI,0.2967,1.8401,172,0.44528409090909093,0.14098809523809525,88.0,84.0,0.584,0.3381,0.005,0.5759
2024,PIT,0.2611,1.8416,167,0.14678048780487807,0.3714,82.0,85.0,0.584,0.3173,-0.021,0.528
2024,SD,0.3772,1.8604,171,0.5403406593406593,0.19167499999999998,91.0,80.0,0.584,0.3851,0.0791,0.6567
2024,SEA,0.6676,1.7519,169,0.7151149425287356,0.6172317073170732,87.0,82.0,0.584,0.5547,0.408,0.9277
2024,SF,0.1929,1.7158,169,0.25608641975308644,0.13472727272727275,81.0,88.0,0.584,0.2775,-0.0529,0.4455
2024,STL,0.5043,1.8929,168,0.5420243902439024,0.46839534883720924,82.0,86.0,0.584,0.4594,0.2343,0.7771
2024,TB,0.4578,1.7444,168,0.495635294117647,0.41900000000000004,85.0,83.0,0.584,0.4322,0.1998,0.7287
2024,TEX,0.6463,1.7865,168,0.5622345679012345,0.7245287356321839,81.0,87.0,0.584,0.5423,0.3742,0.9251
2024,TOR,0.6321,2.0482,169,0.8850243902439024,0.3936666666666666,82.0,87.0,0.584,0.534,0.3323,0.935
2024,WSH,0.2739,1.7862,167,0.34620779220779224,0.2121111111111111,77.0,90.0,0.584,0.3248,-0.0013,0.5393
2025,ATH,0.3466,2.0159,167,0.4257439024390243,0.2702705882352941,82.0,85.0,0.584,0.4482,0.0532,0.6534
2025,ATL,0.6769,1.8122,168,0.7859294117647059,0.5652168674698794,85.0,83.0,0.584,0.6411,0.3985,0.9582
2025,AZ,0.675,1.8926,169,0.742225806451613,0.5926315789473684,93.0,76.0,0.584,0.64,0.3976,0.9597
2025,BAL,0.2984,2.0119,166,0.29582022471910113,0.3014155844155844,89.0,77.0,0.584,0.4201,-0.0017,0.5984
2025,BOS,0.5548,1.813,169,0.4981052631578948,0.6011075268817204,76.0,93.0,0.584,0.5698,0.2759,0.8276
2025,CHC,0.9731,1.9048,173,1.0558863636363638,0.8873529411764706,88.0,85.0,0.584,0.8141,0.6887,1.2581
2025,CIN,0.7235,2.0708,169,0.7633809523809523,0.6840588235294117,84.0,85.0,0.584,0.6683,0.4159,1.0416
2025,CLE,0.526,1.8904,170,0.5765057471264368,0.4730722891566265,87.0,83.0,0.584,0.553,0.2345,0.8003
2025,COL,-0.0923,2.1031,169,0.19947126436781612,-0.4018048780487805,87.0,82.0,0.584,0.1919,-0.411,0.2197
2025,CWS,0.6138,1.8546,168,0.4832608695652174,0.7718552631578948,92.0,76.0,0.584,0.6043,0.3401,0.9046
2025,DET,0.6956,1.7839,176,0.7249101123595505,0.6656091954022989,89.0,87.0,0.584,0.652,0.4396,0.9466
2025,HOU,0.5166,1.6662,166,0.519090909090909,0.5145280898876404,77.0,89.0,0.584,0.5475,0.2501,0.7662
2025,KC,0.6717,1.6116,168,0.7735591397849463,0.54532,93.0,75.0,0.584,0.6381,0.4122,0.9157
2025,LAA,0.24,2.0513,168,0.4977333333333333,0.03218279569892474,75.0,93.0,0.584,0.386,-0.0704,0.5685
2025,LAD,0.7526,1.7314,180,1.1333855421686747,0.4267938144329897,83.0,97.0,0.584,0.6853,0.4884,0.9956
2025,MIA,0.8002,1.8239,168,0.8482976190476191,0.7521547619047618,84.0,84.0,0.584,0.7131,0.5231,1.0522
2025,MIL,0.7724,1.7541,176,1.0315348837209302,0.5246888888888889,86.0,90.0,0.584,0.6969,0.52,1.0298
2025,MIN,0.3284,1.8902,168,0.18416483516483517,0.4988181818181818,91.0,77.0,0.584,0.4376,0.0437,0.6118
2025,NYM,0.5827,1.596,167,0.7555569620253164,0.42751136363636366,79.0,88.0,0.584,0.5861,0.3481,0.8185
2025,NYY,0.7187,1.7252,175,0.894157894736842,0.5102625,95.0,80.0,0.584,0.6655,0.4687,0.9578
2025,PHI,0.417,1.6661,172,0.4150125,0.4186630434782609,80.0,92.0,0.584,0.4893,0.1747,0.6653
2025,PIT,0.8291,1.8207,166,0.741329268292683,0.9147857142857143,82.0,84.0,0.584,0.73,0.5513,1.1107
2025,SD,0.6523,1.8304,171,0.6354146341463415,0.6678089887640449,82.0,89.0,0.584,0.6267,0.3903,0.944
2025,SEA,0.7267,1.9051,179,0.4598555555555556,0.9964606741573034,90.0,89.0,0.584,0.6702,0.449,1.0023
2025,SF,0.3893,1.9112,166,0.24081927710843373,0.5377228915662651,83.0,83.0,0.584,0.4731,0.1069,0.6779
2025,STL,0.631,2.0306,166,0.9089176470588235,0.33928395061728395,85.0,81.0,0.584,0.6143,0.3318,0.9358
2025,TB,0.5215,1.919,167,0.7687619047619046,0.27130120481927705,84.0,83.0,0.584,0.5504,0.2496,0.8078
2025,TEX,1.0097,1.5566,168,0.9884756097560976,1.0300116279069769,82.0,86.0,0.584,0.8355,0.7727,1.2431
2025,TOR,0.7314,1.876,184,0.6256222222222222,0.8327553191489361,90.0,94.0,0.584,0.673,0.4624,0.9961
2025,WSH,0.4431,1.9114,167,0.5683827160493827,0.325139534883721,81.0,86.0,0.584,0.5046,0.1419,0.7445
