player_id,name,position,projected_war,marcel_war,statcast_adjustment,tj_adjustment,role_change_adjustment,age,prior_3yr_war,prior_3yr_pa_or_ip,actual_war
592450,Aaron Judge,batter,6.214,5.802,0.412,0.0,0.0,32.0,21.21,1829.0,10.9
663586,Austin Riley,batter,5.529,5.529,0.0,0.0,0.0,27.0,18.76,2171.0,2.89
665742,Juan Soto,batter,5.462,5.462,0.0,0.0,0.0,25.0,18.09,2078.0,8.0
543760,Marcus Semien,batter,5.436,5.876,-0.44,0.0,0.0,33.0,20.53,2283.0,4.48
665487,Fernando Tatís,batter,5.354,5.041,0.313,0.0,0.0,25.0,11.84,1181.0,2.65
605141,Mookie Betts,batter,5.346,5.744,-0.398,0.0,0.0,31.0,19.35,1965.0,4.64
518692,Freddie Freeman,batter,5.009,5.009,0.0,0.0,0.0,34.0,17.77,2232.0,4.52
543037,Gerrit Cole,pitcher,4.919,4.919,0.0,0.0,0.0,33.0,15.68,611.1,1.85
660670,Ronald Acuña,batter,4.895,4.554,0.341,0.0,0.0,26.0,14.2,1662.0,0.02
677594,Julio Rodríguez,batter,4.876,5.336,-0.46,0.0,0.0,23.0,11.75,1302.0,4.22
621566,Matt Olson,batter,4.853,4.853,0.0,0.0,0.0,30.0,16.77,2126.0,3.86
663656,Kyle Tucker,batter,4.792,4.792,0.0,0.0,0.0,27.0,16.25,2021.0,4.61
554430,Zack Wheeler,pitcher,4.682,4.682,0.0,0.0,0.0,34.0,16.49,620.5,6.49
670541,Yordan Álvarez,batter,4.541,4.278,0.262,0.0,0.0,27.0,14.45,1834.0,5.21
657277,Logan Webb,pitcher,4.497,4.497,0.0,0.0,0.0,27.0,14.02,571.1,3.79
608369,Corey Seager,batter,4.484,4.204,0.28,0.0,0.0,30.0,14.41,1743.0,5.22
608070,José Ramírez,batter,4.442,4.755,-0.313,0.0,0.0,31.0,17.43,2044.0,6.82
596019,Francisco Lindor,batter,4.266,4.266,0.0,0.0,0.0,30.0,14.57,1929.0,6.83
668939,Adley Rutschman,batter,4.169,4.169,0.0,0.0,0.0,26.0,9.75,1170.0,3.14
660271,Shohei Ohtani,batter,4.129,4.129,0.0,0.0,0.0,29.0,14.4,1904.0,9.04
666182,Bo Bichette,batter,3.975,4.23,-0.255,0.0,0.0,26.0,14.33,2005.0,-0.34
502671,Paul Goldschmidt,batter,3.959,4.383,-0.424,0.0,0.0,36.0,16.88,2030.0,1.43
673540,Kodai Senga,pitcher,3.866,3.866,0.0,0.0,0.0,31.0,4.47,166.1,0.09
665926,Andrés Giménez,batter,3.856,4.312,-0.456,0.0,0.0,25.0,13.3,1412.0,3.99
669203,Corbin Burnes,pitcher,3.848,3.848,0.0,0.0,0.0,29.0,13.09,572.2,3.86
671739,Michael Harris,batter,3.808,3.808,0.0,0.0,0.0,23.0,8.6,1007.0,3.19
621020,Dansby Swanson,batter,3.802,3.802,0.0,0.0,0.0,30.0,12.94,2065.0,3.96
607208,Trea Turner,batter,3.791,4.055,-0.265,0.0,0.0,31.0,15.22,2171.0,2.82
668678,Zac Gallen,pitcher,3.757,3.757,0.0,0.0,0.0,28.0,11.74,548.3,2.68
592663,J.T. Realmuto,batter,3.635,3.635,0.0,0.0,0.0,33.0,13.55,1763.0,2.86
665489,Vladimir Guerrero,batter,3.587,3.587,0.0,0.0,0.0,25.0,12.32,2103.0,6.02
593428,Xander Bogaerts,batter,3.576,4.076,-0.5,0.0,0.0,31.0,15.01,1950.0,1.23
665161,Jeremy Peña,batter,3.562,3.854,-0.292,0.0,0.0,26.0,8.84,1295.0,3.93
608331,Max Fried,pitcher,3.546,3.546,0.0,0.0,0.0,30.0,12.68,462.5,3.48
680757,Steven Kwan,batter,3.538,3.855,-0.317,0.0,0.0,26.0,8.88,1388.0,3.95
621043,Carlos Correa,batter,3.469,3.469,0.0,0.0,0.0,29.0,13.92,1902.0,3.65
673490,Ha-Seong Kim,batter,3.416,3.746,-0.33,0.0,0.0,28.0,12.49,1555.0,2.58
608324,Alex Bregman,batter,3.393,3.393,0.0,0.0,0.0,30.0,11.61,1956.0,3.98
646240,Rafael Devers,batter,3.386,3.386,0.0,0.0,0.0,27.0,11.56,1985.0,3.92
592332,Kevin Gausman,pitcher,3.37,3.37,0.0,0.0,0.0,33.0,11.68,567.1,1.09
666969,Adolis García,batter,3.361,3.361,0.0,0.0,0.0,31.0,12.08,1979.0,0.67
622491,Luis Castillo,pitcher,3.347,3.347,0.0,0.0,0.0,31.0,11.23,548.4,1.92
641487,J. P. Crawford,batter,3.342,3.342,0.0,0.0,0.0,29.0,11.54,1952.0,2.66
669257,Will Smith,batter,3.333,3.333,0.0,0.0,0.0,29.0,11.91,1714.0,3.42
683002,Gunnar Henderson,batter,3.328,3.328,0.0,0.0,0.0,23.0,7.05,767.0,8.79
673357,Luis Robert,batter,3.318,3.318,0.0,0.0,0.0,26.0,11.18,1310.0,1.32
592518,Manny Machado,batter,3.313,3.813,-0.5,0.0,0.0,31.0,14.47,1937.0,3.09
571448,Nolan Arenado,batter,3.276,3.733,-0.457,0.0,0.0,33.0,14.3,1897.0,2.7
621111,Walker Buehler,pitcher,3.262,2.762,0.5,0.0,0.0,29.0,7.47,291.0,-1.14
624413,Pete Alonso,batter,3.248,3.248,0.0,0.0,0.0,29.0,11.75,1992.0,2.48
650333,Luis Arráez,batter,3.207,3.498,-0.292,0.0,0.0,27.0,11.8,1707.0,1.07
669242,Tommy Edman,batter,3.205,3.205,0.0,0.0,0.0,29.0,11.99,1861.0,0.9
605483,Blake Snell,pitcher,3.183,3.439,-0.256,0.0,0.0,31.0,10.1,449.4,2.18
642715,Willy Adames,batter,3.176,3.176,0.0,0.0,0.0,28.0,11.42,1835.0,3.21
605400,Aaron Nola,pitcher,3.176,3.176,0.0,0.0,0.0,31.0,10.4,626.6,3.98
656302,Dylan Cease,pitcher,3.149,3.442,-0.294,0.0,0.0,28.0,11.57,528.1,4.03
656305,Matt Chapman,batter,3.142,3.142,0.0,0.0,0.0,31.0,11.4,1841.0,7.07
663647,Ke'Bryan Hayes,batter,3.117,3.117,0.0,0.0,0.0,27.0,10.67,1481.0,0.88
547180,Bryce Harper,batter,3.054,3.054,0.0,0.0,0.0,31.0,12.02,1697.0,4.6
543243,Sonny Gray,pitcher,3.052,3.387,-0.335,0.0,0.0,34.0,11.15,447.3,1.58
607043,Brandon Nimmo,batter,3.014,3.41,-0.396,0.0,0.0,31.0,12.45,1754.0,2.18
683011,Anthony Volpe,batter,3.0,3.0,0.0,0.0,0.0,23.0,3.25,601.0,3.49
676440,Tanner Bibee,pitcher,2.981,3.453,-0.472,0.0,0.0,25.0,3.87,142.0,2.64
663538,Nico Hoerner,batter,2.926,3.342,-0.416,0.0,0.0,27.0,10.82,1375.0,3.74
656775,Cedric Mullins,batter,2.911,3.357,-0.446,0.0,0.0,29.0,13.01,1814.0,2.36
575929,Willson Contreras,batter,2.909,2.909,0.0,0.0,0.0,32.0,11.32,1465.0,3.04
668804,Bryan Reynolds,batter,2.902,2.902,0.0,0.0,0.0,29.0,11.34,1900.0,3.64
669221,Sean Murphy,batter,2.879,2.879,0.0,0.0,0.0,29.0,10.44,1505.0,1.25
677951,Bobby Witt,batter,2.878,2.878,0.0,0.0,0.0,24.0,5.21,1326.0,9.62
641154,Pablo López,pitcher,2.836,2.836,0.0,0.0,0.0,28.0,9.3,488.4,2.63
656756,Jordan Montgomery,pitcher,2.823,2.823,0.0,0.0,0.0,31.0,9.13,557.3,-1.38
624133,Ranger Suárez,pitcher,2.812,2.812,0.0,0.0,0.0,28.0,10.31,419.2,2.9
545361,Mike Trout,batter,2.73,2.73,0.0,0.0,0.0,32.0,10.95,1007.0,1.03
641857,Ryan McMahon,batter,2.716,2.716,0.0,0.0,0.0,29.0,10.12,1820.0,2.32
690986,Kyle Harrison,pitcher,2.702,2.265,0.437,0.0,0.0,22.0,0.22,34.2,0.7
572233,Christian Walker,batter,2.69,2.69,0.0,0.0,0.0,33.0,9.34,1848.0,2.52
662139,Daulton Varsho,batter,2.689,3.003,-0.314,0.0,0.0,27.0,10.1,1494.0,4.83
664285,Framber Valdez,pitcher,2.688,2.688,0.0,0.0,0.0,30.0,9.11,590.2,4.63
650490,Yandy Díaz,batter,2.683,2.953,-0.27,0.0,0.0,32.0,10.06,1733.0,1.6
605397,Joe Musgrove,pitcher,2.682,2.682,0.0,0.0,0.0,31.0,9.33,477.4,1.72
571970,Max Muncy,batter,2.661,2.661,0.0,0.0,0.0,33.0,10.59,1764.0,2.96
681082,Bryson Stott,batter,2.649,2.649,0.0,0.0,0.0,26.0,5.53,1208.0,2.3
682998,Corbin Carroll,batter,2.646,3.146,-0.5,0.0,0.0,23.0,6.51,838.0,3.3
514888,José Altuve,batter,2.597,3.097,-0.5,0.0,0.0,34.0,12.54,1882.0,3.23
543135,Nathan Eovaldi,pitcher,2.594,2.319,0.275,0.0,0.0,34.0,8.67,492.3,1.84
593871,Jorge Polanco,batter,2.558,2.24,0.318,0.0,0.0,30.0,9.61,1458.0,1.29
645277,Ozzie Albies,batter,2.477,2.838,-0.361,0.0,0.0,27.0,9.6,1701.0,1.64
680694,Kyle Bradish,pitcher,2.469,2.469,0.0,0.0,0.0,27.0,5.0,290.3,1.05
669923,George Kirby,pitcher,2.454,2.454,0.0,0.0,0.0,26.0,5.12,328.2,2.08
592662,Robbie Ray,pitcher,2.443,1.957,0.486,0.0,0.0,32.0,8.67,388.4,0.01
664023,Ian Happ,batter,2.424,2.75,-0.326,0.0,0.0,29.0,9.41,1867.0,3.92
650402,Gleyber Torres,batter,2.403,2.403,0.0,0.0,0.0,27.0,7.67,1801.0,1.88
675911,Spencer Strider,pitcher,2.397,2.397,0.0,0.0,0.0,25.0,6.81,335.2,-0.09
669456,Shane Bieber,pitcher,2.278,2.278,0.0,0.0,0.0,29.0,8.0,437.3,0.7
668227,Randy Arozarena,batter,2.268,2.768,-0.5,0.0,0.0,29.0,10.12,1940.0,1.71
606192,Teoscar Hernández,batter,2.252,2.252,0.0,0.0,0.0,31.0,8.82,1817.0,4.14
669302,Logan Gilbert,pitcher,2.229,2.229,0.0,0.0,0.0,27.0,6.85,500.3,2.95
680977,Brendan Donovan,batter,2.216,2.216,0.0,0.0,0.0,27.0,5.84,846.0,2.76
663993,Nathaniel Lowe,batter,2.215,2.502,-0.287,0.0,0.0,28.0,8.43,2083.0,3.02
672386,Alejandro Kirk,batter,2.198,2.198,0.0,0.0,0.0,25.0,6.77,1169.0,1.91
643446,Jeff McNeil,batter,2.186,2.686,-0.5,0.0,0.0,32.0,9.75,1674.0,1.54
671096,Andrew Abbott,pitcher,2.133,2.388,-0.255,0.0,0.0,25.0,2.74,109.1,3.3
601713,Nick Pivetta,pitcher,2.12,2.159,0.261,0.0,-0.3,31.0,7.31,489.6,1.46
592885,Christian Yelich,batter,2.109,2.109,0.0,0.0,0.0,32.0,7.33,1805.0,2.25
663728,Cal Raleigh,batter,2.102,2.102,0.0,0.0,0.0,27.0,6.73,1156.0,4.64
663757,Trent Grisham,batter,2.098,2.098,0.0,0.0,0.0,27.0,7.62,1652.0,0.39
666200,Jesús Luzardo,pitcher,2.066,2.066,0.0,0.0,0.0,26.0,5.34,377.4,0.55
607074,Carlos Rodón,pitcher,2.06,2.33,-0.27,0.0,0.0,31.0,9.47,377.2,1.89
543807,George Springer,batter,2.031,2.031,0.0,0.0,0.0,34.0,8.54,1625.0,0.91
656555,Rhys Hoskins,batter,2.025,2.025,0.0,0.0,0.0,31.0,5.15,1188.0,-0.11
606466,Ketel Marte,batter,2.017,2.374,-0.357,0.0,0.0,30.0,8.21,1661.0,6.75
682928,CJ Abrams,batter,1.981,1.981,0.0,0.0,0.0,23.0,3.51,916.0,3.33
621439,Byron Buxton,batter,1.979,1.979,0.0,0.0,0.0,30.0,9.53,984.0,3.58
663457,Lars Nootbaar,batter,1.979,1.979,0.0,0.0,0.0,26.0,6.5,982.0,1.58
664034,Ty France,batter,1.975,1.975,0.0,0.0,0.0,29.0,8.02,1955.0,-0.63
666971,Lourdes Gurriel,batter,1.952,1.952,0.0,0.0,0.0,30.0,7.38,1696.0,1.94
630105,Jake Cronenworth,batter,1.951,2.272,-0.32,0.0,0.0,30.0,9.51,1898.0,1.91
573186,Marcus Stroman,pitcher,1.948,1.948,0.0,0.0,0.0,33.0,7.39,453.4,0.62
666129,Braxton Garrett,pitcher,1.945,1.945,0.0,0.0,0.0,26.0,5.56,284.2,0.11
668881,Hunter Greene,pitcher,1.942,1.633,0.309,0.0,0.0,24.0,2.97,237.2,6.03
663624,Ryan Mountcastle,batter,1.938,1.438,0.5,0.0,0.0,27.0,4.7,1678.0,2.35
669720,Austin Hays,batter,1.919,2.419,-0.5,0.0,0.0,28.0,8.78,1690.0,-0.19
572191,Michael Taylor,batter,1.905,1.905,0.0,0.0,0.0,33.0,8.15,1386.0,0.9
661395,Jhoan Duran,pitcher,1.903,1.903,0.0,0.0,0.0,26.0,4.83,134.3,0.22
592836,Taijuan Walker,pitcher,1.868,1.868,0.0,0.0,0.0,31.0,5.79,488.3,-1.51
657006,Justin Steele,pitcher,1.865,1.865,0.0,0.0,0.0,28.0,5.85,349.1,1.91
642547,Freddy Peralta,pitcher,1.855,1.855,0.0,0.0,0.0,28.0,6.86,396.3,2.41
693821,Bryce Elder,pitcher,1.835,1.835,0.0,0.0,0.0,25.0,3.67,231.1,-0.7
672282,Reid Detmers,pitcher,1.825,1.825,0.0,0.0,0.0,24.0,4.33,297.4,-1.09
672515,Gabriel Moreno,batter,1.818,2.297,-0.479,0.0,0.0,24.0,4.93,523.0,2.55
650633,Mike King,pitcher,1.808,1.808,0.0,0.0,0.0,29.0,6.15,218.3,4.07
670623,Isaac Paredes,batter,1.808,2.308,-0.5,0.0,0.0,25.0,6.4,1049.0,2.73
608379,Michael Wacha,pitcher,1.788,1.788,0.0,0.0,0.0,32.0,5.45,388.3,3.14
678394,Brayan Bello,pitcher,1.787,1.787,0.0,0.0,0.0,25.0,3.49,214.1,1.18
553993,Eugenio Suárez,batter,1.771,1.771,0.0,0.0,0.0,32.0,5.92,1918.0,3.04
656941,Kyle Schwarber,batter,1.76,1.482,0.278,0.0,0.0,31.0,6.43,2040.0,3.29
642708,Amed Rosario,batter,1.755,1.755,0.0,0.0,0.0,28.0,6.51,1835.0,-0.05
664040,Brandon Lowe,batter,1.752,1.752,0.0,0.0,0.0,29.0,7.55,1335.0,2.35
669261,Jack Suwinski,batter,1.743,1.743,0.0,0.0,0.0,25.0,3.4,906.0,-1.71
669357,Nolan Gorman,batter,1.741,1.741,0.0,0.0,0.0,24.0,3.09,778.0,0.47
605182,Mike Clevinger,pitcher,1.739,1.739,0.0,0.0,0.0,33.0,3.95,248.1,-0.14
666201,Alek Manoah,pitcher,1.722,2.021,-0.3,0.0,0.0,26.0,7.74,400.4,-0.34
657077,Alex Verdugo,batter,1.72,1.72,0.0,0.0,0.0,28.0,5.88,1897.0,0.87
641816,Tyler Mahle,pitcher,1.718,1.718,0.0,0.0,0.0,29.0,7.36,325.4,0.02
666397,Edouard Julien,batter,1.711,2.211,-0.5,0.0,0.0,25.0,2.59,430.0,-0.17
641482,Néstor Cortés,pitcher,1.707,1.973,-0.266,0.0,0.0,29.0,7.61,326.2,2.41
673548,Seiya Suzuki,batter,1.706,2.001,-0.294,0.0,0.0,29.0,4.97,1029.0,3.53
642207,Devin Williams,pitcher,1.696,1.696,0.0,0.0,0.0,29.0,6.34,173.3,1.35
664702,Myles Straw,batter,1.696,1.696,0.0,0.0,0.0,29.0,6.92,1779.0,-0.12
668930,Brice Turang,batter,1.684,1.684,0.0,0.0,0.0,24.0,1.51,453.0,4.76
682985,Riley Greene,batter,1.683,1.683,0.0,0.0,0.0,23.0,3.18,834.0,5.28
623993,Anthony Santander,batter,1.679,1.679,0.0,0.0,0.0,29.0,5.58,1754.0,2.7
595879,Javier Báez,batter,1.674,1.674,0.0,0.0,0.0,31.0,7.49,1684.0,-1.17
680686,Josiah Gray,pitcher,1.667,1.259,0.408,0.0,0.0,26.0,3.46,377.4,-0.54
521692,Salvador Pérez,batter,1.661,1.661,0.0,0.0,0.0,34.0,8.39,1718.0,2.77
676664,JP Sears,pitcher,1.661,1.661,0.0,0.0,0.0,28.0,3.69,242.1,2.25
573262,Mike Yastrzemski,batter,1.652,1.652,0.0,0.0,0.0,33.0,6.88,1484.0,2.09
596146,Max Kepler,batter,1.648,1.648,0.0,0.0,0.0,31.0,6.47,1451.0,0.96
518934,DJ LeMahieu,batter,1.639,1.639,0.0,0.0,0.0,35.0,6.51,1782.0,-1.52
607536,Kyle Freeland,pitcher,1.636,1.636,0.0,0.0,0.0,31.0,5.75,449.6,0.14
661388,William Contreras,batter,1.623,2.123,-0.5,0.0,0.0,26.0,6.4,1192.0,4.96
676801,Chas McCormick,batter,1.622,1.973,-0.351,0.0,0.0,29.0,7.43,1288.0,-0.66
668909,Gavin Williams,pitcher,1.62,1.922,-0.302,0.0,0.0,24.0,1.98,82.0,-0.09
593958,Eduardo Rodríguez,pitcher,1.61,1.61,0.0,0.0,0.0,31.0,5.18,413.3,0.18
671106,Logan Allen,pitcher,1.61,1.61,0.0,0.0,0.0,25.0,1.72,125.1,-1.07
666185,Dylan Carlson,batter,1.609,1.609,0.0,0.0,0.0,25.0,5.47,1370.0,-1.17
670764,Taylor Walls,batter,1.593,1.593,0.0,0.0,0.0,27.0,5.94,1002.0,1.42
605447,Jordan Romano,pitcher,1.581,1.978,-0.397,0.0,0.0,31.0,7.44,188.3,-0.31
641680,Jonah Heim,batter,1.575,1.575,0.0,0.0,0.0,29.0,5.39,1307.0,1.36
668933,Graham Ashcraft,pitcher,1.565,1.565,0.0,0.0,0.0,26.0,3.35,250.2,0.28
516782,Starling Marte,batter,1.557,1.557,0.0,0.0,0.0,35.0,7.85,1385.0,0.63
666158,Gavin Lux,batter,1.555,1.873,-0.318,0.0,0.0,26.0,4.22,883.0,2.01
621107,Zach Eflin,pitcher,1.553,1.853,0.0,0.0,-0.3,30.0,6.46,373.5,2.79
676272,Bobby Miller,pitcher,1.548,1.81,-0.262,0.0,0.0,25.0,1.96,126.0,-1.87
621242,Edwin Díaz,pitcher,1.536,1.536,0.0,0.0,0.0,30.0,4.24,126.4,0.47
624428,Adam Frazier,batter,1.535,1.535,0.0,0.0,0.0,32.0,6.55,1725.0,0.42
592192,Mark Canha,batter,1.533,1.845,-0.312,0.0,0.0,35.0,7.34,1695.0,0.45
656605,Mitch Keller,pitcher,1.524,1.524,0.0,0.0,0.0,28.0,4.46,453.3,1.97
680869,Zack Gelof,batter,1.516,2.016,-0.5,0.0,0.0,24.0,2.51,300.0,1.36
664299,Cristian Javier,pitcher,1.516,1.829,-0.314,0.0,0.0,27.0,6.13,446.1,0.47
676609,José Caballero,batter,1.513,1.513,0.0,0.0,0.0,27.0,2.47,280.0,1.61
681857,Reese Olson,pitcher,1.512,1.512,0.0,0.0,0.0,24.0,1.35,103.2,1.44
600869,Jeimer Candelario,batter,1.508,1.865,-0.357,0.0,0.0,30.0,7.31,1669.0,-0.69
641933,Tyler O'Neill,batter,1.505,1.505,0.0,0.0,0.0,29.0,7.74,1191.0,2.86
682829,Elly De La Cruz,batter,1.491,1.491,0.0,0.0,0.0,22.0,0.74,427.0,5.21
643396,Isiah Kiner-Falefa,batter,1.484,1.484,0.0,0.0,0.0,29.0,6.71,1589.0,3.54
500743,Miguel Rojas,batter,1.483,1.483,0.0,0.0,0.0,35.0,6.4,1475.0,3.35
669022,MacKenzie Gore,pitcher,1.478,1.162,0.316,0.0,0.0,25.0,2.23,206.1,0.85
687263,Zach Neto,batter,1.475,1.475,0.0,0.0,0.0,23.0,1.56,329.0,5.06
595281,Kevin Kiermaier,batter,1.474,1.783,-0.31,0.0,0.0,34.0,8.31,1041.0,0.91
621493,Taylor Ward,batter,1.461,1.461,0.0,0.0,0.0,30.0,5.87,1210.0,2.25
602104,Ramón Urías,batter,1.455,1.783,-0.328,0.0,0.0,30.0,7.52,1139.0,1.35
663898,Brendan Rodgers,batter,1.455,1.455,0.0,0.0,0.0,27.0,5.76,1188.0,0.95
643217,Andrew Benintendi,batter,1.448,1.448,0.0,0.0,0.0,29.0,6.12,1680.0,-0.84
676116,Ryan Noda,batter,1.447,1.702,-0.255,0.0,0.0,28.0,2.18,495.0,-0.56
663903,Brady Singer,pitcher,1.446,1.446,0.0,0.0,0.0,27.0,4.78,440.4,2.85
678662,Ezequiel Tovar,batter,1.444,1.744,-0.3,0.0,0.0,22.0,2.18,650.0,3.58
677950,Alek Thomas,batter,1.443,1.443,0.0,0.0,0.0,24.0,2.44,872.0,-0.04
527048,Martín Pérez,pitcher,1.44,1.72,-0.281,0.0,0.0,33.0,6.07,459.2,0.88
664747,Alexis Díaz,pitcher,1.426,1.878,-0.452,0.0,0.0,27.0,4.84,130.3,0.5
518876,Merrill Kelly,pitcher,1.423,1.423,0.0,0.0,0.0,35.0,10.18,559.3,1.06
641540,Dane Dunning,pitcher,1.414,1.414,0.0,0.0,0.0,29.0,4.52,449.5,-0.79
666157,Nick Lodolo,pitcher,1.41,0.91,0.5,0.0,0.0,26.0,2.6,137.2,1.17
673237,Yainer Diaz,batter,1.409,1.409,0.0,0.0,0.0,25.0,3.12,400.0,3.11
671213,Triston Casas,batter,1.407,1.407,0.0,0.0,0.0,24.0,2.34,597.0,0.66
665750,Leody Taveras,batter,1.398,1.398,0.0,0.0,0.0,25.0,3.24,1147.0,0.73
649966,Luis Urías,batter,1.382,1.382,0.0,0.0,0.0,27.0,6.02,1231.0,0.42
672275,Patrick Bailey,batter,1.381,1.013,0.368,0.0,0.0,25.0,0.84,353.0,1.73
656876,Drew Rasmussen,pitcher,1.379,1.638,-0.259,0.0,0.0,28.0,6.07,269.4,0.6
663474,Triston McKenzie,pitcher,1.378,1.378,0.0,0.0,0.0,26.0,4.97,338.1,-0.54
682227,Brandon Williamson,pitcher,1.376,1.376,0.0,0.0,0.0,26.0,1.62,117.0,0.25
502110,J. D. Martinez,batter,1.375,1.375,0.0,0.0,0.0,36.0,6.3,1759.0,0.48
680777,Ryan Jeffers,batter,1.361,1.361,0.0,0.0,0.0,27.0,4.75,887.0,2.06
453286,Max Scherzer,pitcher,1.355,1.355,0.0,0.0,0.0,39.0,14.38,508.2,0.33
666624,Christopher Morel,batter,1.343,1.343,0.0,0.0,0.0,25.0,2.47,854.0,-0.58
641835,Tim Mayza,pitcher,1.336,0.961,0.376,0.0,0.0,32.0,3.72,156.3,-1.23
641585,J. P. France,pitcher,1.33,1.33,0.0,0.0,0.0,29.0,1.62,139.1,-0.5
669016,Brandon Marsh,batter,1.325,1.825,-0.5,0.0,0.0,26.0,5.37,1280.0,2.98
621244,José Berríos,pitcher,1.318,1.318,0.0,0.0,0.0,30.0,5.2,556.2,2.46
641927,Bailey Ober,pitcher,1.317,1.574,-0.257,0.0,0.0,28.0,5.18,296.3,2.96
661403,Emmanuel Clase,pitcher,1.304,1.584,-0.28,0.0,0.0,26.0,6.2,219.6,4.4
666134,Nolan Jones,batter,1.302,1.802,-0.5,0.0,0.0,26.0,4.36,518.0,-0.8
670032,Nicky Lopez,batter,1.301,1.301,0.0,0.0,0.0,29.0,5.96,1307.0,0.09
592351,Jon Gray,pitcher,1.287,1.287,0.0,0.0,0.0,32.0,4.55,439.1,0.18
605488,Jeffrey Springs,pitcher,1.286,1.286,0.0,0.0,0.0,31.0,4.79,195.3,0.84
660688,Keibert Ruiz,batter,1.282,1.282,0.0,0.0,0.0,25.0,3.41,1091.0,0.55
673962,Josh Jung,batter,1.278,1.278,0.0,0.0,0.0,26.0,2.65,687.0,0.72
677053,Andrew Nardi,pitcher,1.275,0.775,0.5,0.0,0.0,25.0,1.57,72.4,0.0
663776,Patrick Sandoval,pitcher,1.272,1.572,-0.3,0.0,0.0,27.0,5.72,379.4,0.01
605130,Scott Barlow,pitcher,1.269,1.269,0.0,0.0,0.0,31.0,5.5,216.2,0.18
657746,Joe Ryan,pitcher,1.268,1.268,0.0,0.0,0.0,28.0,4.25,336.4,2.47
663697,Jonathan India,batter,1.267,1.267,0.0,0.0,0.0,27.0,5.08,1591.0,1.67
605137,Josh Bell,batter,1.265,1.265,0.0,0.0,0.0,31.0,5.85,1877.0,-0.3
657041,Lane Thomas,batter,1.258,1.725,-0.468,0.0,0.0,28.0,5.54,1494.0,0.25
656945,Tanner Scott,pitcher,1.249,1.249,0.0,0.0,0.0,29.0,3.9,195.2,3.66
608566,Germán Márquez,pitcher,1.238,0.895,0.343,0.0,0.0,29.0,3.98,381.2,-0.06
622761,Jorge Mateo,batter,1.219,1.219,0.0,0.0,0.0,29.0,5.03,1097.0,0.79
657656,Ramón Laureano,batter,1.211,1.211,0.0,0.0,0.0,29.0,5.28,1165.0,1.27
605280,Clay Holmes,pitcher,1.201,1.201,0.0,0.0,0.0,31.0,4.47,204.2,0.62
660162,Yoán Moncada,batter,1.19,1.19,0.0,0.0,0.0,29.0,5.66,1423.0,0.26
665795,Edward Cabrera,pitcher,1.187,1.187,0.0,0.0,0.0,26.0,3.7,196.5,0.27
680570,Grayson Rodriguez,pitcher,1.186,1.186,0.0,0.0,0.0,24.0,0.9,123.2,1.62
641355,Cody Bellinger,batter,1.181,1.681,-0.5,0.0,0.0,28.0,4.49,1502.0,2.22
596115,Trevor Story,batter,1.174,1.535,-0.361,0.0,0.0,31.0,7.64,1159.0,0.79
663947,Tyler Holton,pitcher,1.164,1.164,0.0,0.0,0.0,28.0,2.99,94.1,3.16
665862,Jazz Chisholm,batter,1.15,1.517,-0.367,0.0,0.0,26.0,5.58,1139.0,2.92
682626,Francisco Álvarez,batter,1.148,1.148,0.0,0.0,0.0,22.0,0.97,438.0,0.81
607259,Nick Martínez,pitcher,1.146,1.146,0.0,0.0,0.0,33.0,2.88,227.2,3.98
686217,Sal Frelick,batter,1.133,1.133,0.0,0.0,0.0,24.0,1.14,232.0,2.19
656629,Michael Kopech,pitcher,1.13,1.13,0.0,0.0,0.0,28.0,4.35,320.3,1.38
607192,Tyler Glasnow,pitcher,1.13,1.13,0.0,0.0,0.0,30.0,4.83,224.2,2.15
676477,Garrett Whitlock,pitcher,1.126,1.126,0.0,0.0,0.0,28.0,4.95,230.5,0.78
623465,Evan Phillips,pitcher,1.125,1.125,0.0,0.0,0.0,29.0,4.29,145.4,-0.53
596142,Gary Sánchez,batter,1.117,0.822,0.295,0.0,0.0,31.0,3.57,1179.0,0.22
664056,Harrison Bader,batter,1.112,1.112,0.0,0.0,0.0,30.0,5.9,1097.0,0.86
686894,Joey Wiemer,batter,1.108,1.108,0.0,0.0,0.0,25.0,0.9,410.0,-0.19
571771,Enrique Hernández,batter,1.104,1.104,0.0,0.0,0.0,32.0,5.79,1555.0,1.23
669373,Tarik Skubal,pitcher,1.097,1.502,-0.405,0.0,0.0,27.0,5.13,346.4,6.66
679032,Johan Rojas,batter,1.09,1.59,-0.5,0.0,0.0,23.0,2.37,209.0,0.57
663554,Casey Mize,pitcher,1.09,1.09,0.0,0.0,0.0,27.0,3.31,160.1,0.26
542932,Jon Berti,batter,1.084,1.084,0.0,0.0,0.0,34.0,5.18,1105.0,0.65
579328,Yusei Kikuchi,pitcher,1.083,0.583,0.5,0.0,0.0,33.0,2.41,426.3,1.59
606303,Joel Payamps,pitcher,1.08,0.798,0.282,0.0,0.0,30.0,3.57,177.4,1.06
605135,Chris Bassitt,pitcher,1.074,1.074,0.0,0.0,0.0,35.0,9.81,542.3,0.05
650644,Aaron Civale,pitcher,1.064,1.064,0.0,0.0,0.0,29.0,3.83,343.3,1.08
622534,Manuel Margot,batter,1.063,1.063,0.0,0.0,0.0,29.0,5.1,1187.0,-0.85
670280,David Bednar,pitcher,1.056,1.556,-0.5,0.0,0.0,29.0,5.97,178.5,-0.9
664774,LaMonte Wade,batter,1.055,1.055,0.0,0.0,0.0,30.0,4.33,1162.0,2.03
669701,Josh Smith,batter,1.054,0.564,0.491,0.0,0.0,26.0,1.17,485.0,3.51
676059,Jordan Westburg,batter,1.054,1.054,0.0,0.0,0.0,25.0,1.24,237.0,2.25
682243,Bryce Miller,pitcher,1.05,1.05,0.0,0.0,0.0,25.0,1.03,131.1,3.51
681546,James Outman,batter,1.049,1.549,-0.5,0.0,0.0,27.0,3.82,589.0,-0.48
665152,Dean Kremer,pitcher,1.035,1.035,0.0,0.0,0.0,28.0,3.21,352.4,0.71
660821,Jesús Sánchez,batter,1.031,1.031,0.0,0.0,0.0,26.0,3.36,1001.0,1.01
681217,Chase Silseth,pitcher,1.03,0.53,0.5,0.0,0.0,24.0,0.37,80.3,-0.19
669289,Santiago Espinal,batter,1.029,1.029,0.0,0.0,0.0,29.0,5.04,997.0,-0.42
623352,Josh Hader,pitcher,1.024,1.024,0.0,0.0,0.0,30.0,4.78,171.4,0.74
656288,Griffin Canning,pitcher,1.024,1.024,0.0,0.0,0.0,28.0,2.09,189.2,0.19
672695,Geraldo Perdomo,batter,1.023,1.363,-0.34,0.0,0.0,24.0,2.97,1095.0,3.45
527038,Wilmer Flores,batter,1.02,1.383,-0.363,0.0,0.0,32.0,5.33,1505.0,-0.58
593423,Frankie Montas,pitcher,1.017,1.05,0.267,0.0,-0.3,31.0,4.79,333.2,0.58
615698,Cal Quantrill,pitcher,1.011,1.271,-0.259,0.0,0.0,29.0,5.5,444.5,1.77
592206,Nick Castellanos,batter,1.009,1.009,0.0,0.0,0.0,32.0,4.42,1935.0,0.58
593334,Domingo Germán,pitcher,1.008,0.655,0.353,0.0,0.0,31.0,2.72,279.4,-0.51
668731,Akil Baddoo,batter,1.001,1.001,0.0,0.0,0.0,25.0,3.06,1043.0,-0.49
664913,Seth Brown,batter,0.999,0.72,0.279,0.0,0.0,31.0,3.73,1240.0,-0.57
608336,Joey Gallo,batter,0.998,0.998,0.0,0.0,0.0,30.0,5.4,1362.0,0.24
666139,Josh Lowe,batter,0.995,1.338,-0.343,0.0,0.0,26.0,4.08,706.0,0.7
665871,Javier Assad,pitcher,0.995,1.295,0.0,0.0,-0.3,26.0,3.04,146.3,1.66
643565,Mike Tauchman,batter,0.989,0.989,0.0,0.0,0.0,33.0,2.76,592.0,0.61
571927,Steven Matz,pitcher,0.981,0.981,0.0,0.0,0.0,33.0,3.94,303.2,-0.19
669330,Tyler Wells,pitcher,0.967,0.967,0.0,0.0,0.0,29.0,3.51,282.2,-0.23
643376,Danny Jansen,batter,0.958,1.276,-0.318,0.0,0.0,29.0,5.82,762.0,0.67
542303,Marcell Ozuna,batter,0.954,0.676,0.278,0.0,0.0,33.0,2.44,1330.0,4.33
668715,Spencer Steer,batter,0.954,1.454,-0.5,0.0,0.0,26.0,2.98,773.0,1.49
647304,Josh Naylor,batter,0.949,1.251,-0.302,0.0,0.0,27.0,3.89,1274.0,1.47
570482,Gio Urshela,batter,0.945,0.945,0.0,0.0,0.0,32.0,4.18,1224.0,0.62
642731,Thairo Estrada,batter,0.943,1.443,-0.5,0.0,0.0,28.0,4.98,1203.0,-0.55
543228,Yan Gomes,batter,0.931,0.931,0.0,0.0,0.0,36.0,5.0,1087.0,-0.68
655316,Andruw Monasterio,batter,0.928,0.928,0.0,0.0,0.0,27.0,1.27,316.0,-0.14
623149,Paul Sewald,pitcher,0.923,0.923,0.0,0.0,0.0,34.0,4.3,201.5,0.17
542881,Tyler Anderson,pitcher,0.917,1.417,-0.5,0.0,0.0,34.0,5.78,491.2,2.92
691026,Masyn Winn,batter,0.917,0.603,0.314,0.0,0.0,22.0,-0.56,137.0,5.09
686668,Brenton Doyle,batter,0.916,0.916,0.0,0.0,0.0,26.0,0.84,431.0,3.86
571657,Kyle Farmer,batter,0.91,0.91,0.0,0.0,0.0,33.0,4.06,1485.0,-0.32
691016,Tyler Soderstrom,batter,0.895,0.395,0.5,0.0,0.0,22.0,-1.13,138.0,0.47
642350,José Siri,batter,0.89,0.89,0.0,0.0,0.0,28.0,3.5,764.0,1.84
672580,Maikel García,batter,0.871,0.871,0.0,0.0,0.0,24.0,0.98,538.0,1.41
656557,Tanner Houck,pitcher,0.867,1.167,0.0,0.0,-0.3,28.0,4.46,245.1,3.17
621563,Joey Wendle,batter,0.865,0.865,0.0,0.0,0.0,34.0,5.78,1194.0,-0.12
640448,Kyle Finnegan,pitcher,0.862,0.362,0.5,0.0,0.0,32.0,1.38,201.3,1.03
623167,Chris Flexen,pitcher,0.855,0.581,0.273,0.0,0.0,29.0,3.49,418.5,1.61
650859,Luis Rengifo,batter,0.852,1.199,-0.346,0.0,0.0,27.0,3.72,1146.0,1.84
519203,Anthony Rizzo,batter,0.849,0.849,0.0,0.0,0.0,34.0,4.78,1586.0,0.24
434378,Justin Verlander,pitcher,0.847,1.261,-0.414,0.0,0.0,41.0,9.15,375.2,-0.25
678009,Parker Meadows,batter,0.843,0.843,0.0,0.0,0.0,24.0,0.95,145.0,2.12
693433,Bryan Woo,pitcher,0.838,0.838,0.0,0.0,0.0,24.0,0.53,87.2,2.38
593974,Wandy Peralta,pitcher,0.835,0.835,0.0,0.0,0.0,32.0,3.37,170.0,0.37
663623,Jake Irvin,pitcher,0.832,0.832,0.0,0.0,0.0,27.0,0.96,121.0,1.91
686973,Louis Varland,pitcher,0.831,0.331,0.5,0.0,0.0,26.0,0.95,94.2,-1.33
694384,Nolan Schanuel,batter,0.828,0.828,0.0,0.0,0.0,22.0,0.08,132.0,1.21
650391,Eloy Jiménez,batter,0.826,0.826,0.0,0.0,0.0,27.0,3.08,1064.0,-0.8
643511,Tyler Rogers,pitcher,0.826,1.206,-0.38,0.0,0.0,33.0,4.98,233.3,1.5
694497,Evan Carter,batter,0.822,1.322,-0.5,0.0,0.0,21.0,1.59,147.0,0.7
628452,Raisel Iglesias,pitcher,0.815,1.129,-0.314,0.0,0.0,34.0,5.41,191.1,2.86
666808,Camilo Doval,pitcher,0.812,1.071,-0.258,0.0,0.0,26.0,3.84,164.6,-0.49
664728,Kyle Isbel,batter,0.808,0.808,0.0,0.0,0.0,27.0,3.07,674.0,1.99
687952,Christian Encarnacion-Strand,batter,0.806,0.806,0.0,0.0,0.0,24.0,0.45,241.0,-1.04
621438,Tyrone Taylor,batter,0.804,0.804,0.0,0.0,0.0,30.0,4.33,929.0,1.98
592094,Jason Adam,pitcher,0.804,0.804,0.0,0.0,0.0,32.0,3.32,129.4,2.59
669394,Jake Burger,batter,0.798,0.798,0.0,0.0,0.0,28.0,2.85,772.0,0.84
547179,Michael Lorenzen,pitcher,0.797,0.797,0.0,0.0,0.0,32.0,2.62,281.4,2.46
643289,Mauricio Dubón,batter,0.796,0.796,0.0,0.0,0.0,29.0,2.96,970.0,0.97
665804,Miguel Amaya,batter,0.792,0.49,0.302,0.0,0.0,25.0,0.33,156.0,1.95
686681,Michael Massey,batter,0.79,0.418,0.373,0.0,0.0,26.0,0.73,655.0,1.69
594902,Ben Lively,pitcher,0.786,0.286,0.5,0.0,0.0,32.0,0.42,88.2,1.42
548389,Ross Stripling,pitcher,0.783,0.783,0.0,0.0,0.0,34.0,3.72,324.2,-1.1
676710,Kutter Crawford,pitcher,0.782,0.782,0.0,0.0,0.0,28.0,2.41,208.2,1.53
669467,Andre Pallante,pitcher,0.782,0.782,0.0,0.0,0.0,25.0,1.76,176.2,1.55
669397,Nick Allen,batter,0.77,0.77,0.0,0.0,0.0,25.0,1.26,655.0,0.23
608678,Dominic Leone,pitcher,0.77,0.436,0.334,0.0,0.0,32.0,2.48,158.2,-0.66
671737,Taj Bradley,pitcher,0.769,0.269,0.5,0.0,0.0,23.0,-0.35,104.2,1.7
660813,Brusdar Graterol,pitcher,0.764,1.089,-0.325,0.0,0.0,25.0,3.05,163.2,0.12
650911,Cristopher Sánchez,pitcher,0.754,0.598,0.456,0.0,-0.3,27.0,1.87,153.4,3.79
661269,Vladimir Gutiérrez,pitcher,0.749,0.249,0.5,0.0,0.0,28.0,1.17,150.2,-0.09
672284,Jarred Kelenic,batter,0.742,0.742,0.0,0.0,0.0,24.0,0.24,992.0,0.44
650556,Bryan Abreu,pitcher,0.74,0.994,-0.254,0.0,0.0,27.0,2.87,187.3,1.76
592273,Brandon Drury,batter,0.74,1.24,-0.5,0.0,0.0,31.0,4.87,1210.0,-2.06
663611,Nick Madrigal,batter,0.738,0.738,0.0,0.0,0.0,27.0,3.07,737.0,-0.43
664854,Ryan Helsley,pitcher,0.733,1.04,-0.307,0.0,0.0,29.0,4.0,148.5,2.81
682641,Luis Matos,batter,0.731,0.731,0.0,0.0,0.0,22.0,-0.37,253.0,-0.17
624641,Edmundo Sosa,batter,0.731,1.067,-0.336,0.0,0.0,28.0,5.2,831.0,2.21
681190,Randy Vásquez,pitcher,0.725,0.725,0.0,0.0,0.0,25.0,1.02,37.2,0.5
670770,TJ Friedl,batter,0.721,1.221,-0.5,0.0,0.0,28.0,4.0,850.0,0.52
682622,Noelvi Marte,batter,0.72,1.055,-0.335,0.0,0.0,22.0,0.79,123.0,-1.77
671277,Luis García,batter,0.717,0.717,0.0,0.0,0.0,24.0,0.89,1106.0,2.15
608344,Cole Irvin,pitcher,0.711,0.711,0.0,0.0,0.0,30.0,3.45,436.2,-0.64
670167,John Schreiber,pitcher,0.708,0.708,0.0,0.0,0.0,30.0,3.52,114.2,0.4
681481,Kerry Carpenter,batter,0.707,1.08,-0.373,0.0,0.0,26.0,2.39,572.0,2.11
656420,J. P. Feyereisen,pitcher,0.705,0.705,0.0,0.0,0.0,31.0,2.27,83.3,-0.31
666142,Cole Ragans,pitcher,0.702,1.002,0.0,0.0,-0.3,26.0,2.23,136.0,4.68
691023,Jordan Walker,batter,0.7,0.96,-0.26,0.0,0.0,22.0,-0.11,465.0,-0.83
650489,Willi Castro,batter,0.7,0.977,-0.277,0.0,0.0,27.0,2.69,1268.0,1.58
656271,Brock Burke,pitcher,0.693,0.693,0.0,0.0,0.0,27.0,2.04,142.2,-0.18
669707,Jared Triolo,batter,0.687,1.187,-0.5,0.0,0.0,26.0,2.03,209.0,1.4
672582,Angel Zerpa,pitcher,0.681,0.481,0.5,0.0,-0.3,24.0,0.76,58.2,0.48
594580,Sam Moll,pitcher,0.68,0.68,0.0,0.0,0.0,32.0,2.72,115.3,0.83
641598,Mitch Garver,batter,0.677,0.928,-0.251,0.0,0.0,33.0,4.72,862.0,-0.17
622608,Antonio Senzatela,pitcher,0.674,0.397,0.278,0.0,0.0,29.0,2.34,255.5,0.0
669432,Trevor Rogers,pitcher,0.67,0.67,0.0,0.0,0.0,26.0,3.29,258.0,0.59
686527,Dominic Canzone,batter,0.669,0.169,0.5,0.0,0.0,26.0,-0.11,182.0,0.17
621112,Paul Blackburn,pitcher,0.669,0.669,0.0,0.0,0.0,30.0,2.68,252.4,0.47
592791,Jameson Taillon,pitcher,0.661,0.661,0.0,0.0,0.0,32.0,3.22,479.4,2.27
621381,Matt Strahm,pitcher,0.655,0.655,0.0,0.0,0.0,32.0,2.28,143.4,2.6
662253,Andrés Muñoz,pitcher,0.65,0.65,0.0,0.0,0.0,25.0,2.04,119.4,2.05
671221,Drew Waters,batter,0.649,0.649,0.0,0.0,0.0,25.0,0.97,446.0,-0.01
656849,David Peterson,pitcher,0.648,0.214,0.434,0.0,0.0,28.0,0.9,284.4,2.87
671732,Lawrence Butler,batter,0.648,0.21,0.438,0.0,0.0,23.0,-0.54,129.0,2.95
456781,Donovan Solano,batter,0.647,0.647,0.0,0.0,0.0,36.0,3.66,1120.0,0.97
502054,Tommy Pham,batter,0.64,0.64,0.0,0.0,0.0,36.0,3.41,1728.0,-0.22
663886,Tyler Stephenson,batter,0.64,1.016,-0.375,0.0,0.0,27.0,4.13,1102.0,2.4
596103,Austin Slater,batter,0.635,0.635,0.0,0.0,0.0,31.0,3.71,843.0,-0.25
605452,Joe Ross,pitcher,0.635,0.635,0.0,0.0,0.0,31.0,0.76,108.0,0.48
477132,Clayton Kershaw,pitcher,0.634,0.634,0.0,0.0,0.0,36.0,9.56,384.3,-0.28
621035,Chris Taylor,batter,0.63,0.981,-0.352,0.0,0.0,33.0,4.68,1477.0,-0.18
628451,Andy Ibáñez,batter,0.627,0.627,0.0,0.0,0.0,31.0,3.5,783.0,1.33
663362,Matt Waldron,pitcher,0.625,0.125,0.5,0.0,0.0,27.0,0.22,41.1,0.85
622253,Dillon Tate,pitcher,0.624,0.624,0.0,0.0,0.0,30.0,2.06,140.4,-0.1
668942,Josh Rojas,batter,0.623,1.005,-0.382,0.0,0.0,30.0,4.42,1410.0,2.11
669477,Casey Schmitt,batter,0.62,0.237,0.382,0.0,0.0,25.0,-0.43,277.0,0.19
656582,Connor Joe,batter,0.619,0.619,0.0,0.0,0.0,31.0,3.35,1150.0,0.67
665506,Cristian Pache,batter,0.618,0.124,0.493,0.0,0.0,25.0,-0.96,433.0,-0.21
518595,Travis d'Arnaud,batter,0.617,0.617,0.0,0.0,0.0,35.0,3.23,1032.0,1.08
663559,Bailey Falter,pitcher,0.617,0.155,0.462,0.0,0.0,27.0,0.84,197.6,1.57
647351,Abraham Toro,batter,0.614,0.184,0.43,0.0,0.0,27.0,1.15,748.0,0.61
668904,Royce Lewis,batter,0.612,1.112,-0.5,0.0,0.0,25.0,2.72,306.0,0.66
672820,Lenyn Sosa,batter,0.609,0.109,0.5,0.0,0.0,24.0,-1.21,209.0,-0.48
807799,Masataka Yoshida,batter,0.604,1.076,-0.472,0.0,0.0,30.0,1.39,580.0,1.59
676254,Ryan Walker,pitcher,0.602,0.602,0.0,0.0,0.0,28.0,0.93,61.1,2.79
625643,Reynaldo López,pitcher,0.585,1.085,-0.5,0.0,0.0,30.0,4.45,190.3,5.09
686469,Vinnie Pasquantino,batter,0.585,0.585,0.0,0.0,0.0,26.0,1.38,558.0,1.31
664126,Pete Fairbanks,pitcher,0.583,0.583,0.0,0.0,0.0,30.0,2.95,114.2,0.84
669127,Shea Langeliers,batter,0.582,0.582,0.0,0.0,0.0,26.0,1.01,643.0,2.85
607625,Seth Lugo,pitcher,0.574,0.874,0.0,0.0,-0.3,34.0,3.51,259.2,5.04
666745,Jhony Brito,pitcher,0.571,0.571,0.0,0.0,0.0,26.0,0.68,90.1,0.19
669387,Carmen Mlodzinski,pitcher,0.571,0.571,0.0,0.0,0.0,25.0,0.77,36.0,0.75
696136,Jordan Wicks,pitcher,0.566,0.566,0.0,0.0,0.0,24.0,0.33,34.2,-0.48
621237,José Alvarado,pitcher,0.56,0.56,0.0,0.0,0.0,29.0,2.37,166.4,0.43
676475,Alec Burleson,batter,0.559,0.079,0.48,0.0,0.0,25.0,-0.71,400.0,1.38
668670,Jake Rogers,batter,0.55,0.55,0.0,0.0,0.0,29.0,2.0,492.0,0.93
650559,Bryan De La Cruz,batter,0.547,0.174,0.373,0.0,0.0,27.0,0.93,1207.0,-1.13
669713,Hayden Wesneski,pitcher,0.547,0.386,0.46,0.0,-0.3,26.0,1.15,122.1,-0.29
681351,Logan O'Hoppe,batter,0.544,0.544,0.0,0.0,0.0,24.0,0.55,215.0,2.65
608638,J. T. Chargois,pitcher,0.54,0.54,0.0,0.0,0.0,33.0,2.96,122.1,0.84
571745,Mitch Haniger,batter,0.537,0.537,0.0,0.0,0.0,33.0,3.81,1191.0,-0.23
666277,George Soriano,pitcher,0.532,0.532,0.0,0.0,0.0,25.0,0.57,53.0,-0.64
643410,Mark Leiter,pitcher,0.532,0.532,0.0,0.0,0.0,33.0,1.71,131.3,-0.47
672710,Roansy Contreras,pitcher,0.531,0.531,0.0,0.0,0.0,24.0,0.9,166.1,0.42
572955,Pierce Johnson,pitcher,0.529,0.131,0.398,0.0,0.0,33.0,1.35,141.5,0.74
676369,Nelson Velázquez,batter,0.523,0.523,0.0,0.0,0.0,25.0,0.53,385.0,-0.45
683734,Andrew Vaughn,batter,0.521,0.521,0.0,0.0,0.0,26.0,1.11,1644.0,0.09
686613,Hunter Brown,pitcher,0.52,0.449,0.371,0.0,-0.3,25.0,0.87,186.2,2.8
621363,Colin Poche,pitcher,0.518,0.518,0.0,0.0,0.0,30.0,1.67,119.4,0.48
663738,Daniel Lynch,pitcher,0.518,0.253,0.265,0.0,0.0,27.0,0.91,251.3,0.81
676914,Davis Schneider,batter,0.515,1.015,-0.5,0.0,0.0,25.0,1.82,141.0,-0.14
571948,Hoby Milner,pitcher,0.512,0.512,0.0,0.0,0.0,33.0,2.03,151.6,-0.57
677649,Ezequiel Duran,batter,0.511,0.878,-0.367,0.0,0.0,25.0,1.33,659.0,0.16
666163,Ben Rortvedt,batter,0.509,0.009,0.5,0.0,0.0,26.0,-0.25,177.0,0.89
642100,Gabe Speier,pitcher,0.508,0.185,0.323,0.0,0.0,29.0,1.32,80.5,-0.47
676714,Brandon Hughes,pitcher,0.508,0.157,0.351,0.0,0.0,28.0,1.02,70.4,-0.39
593160,Whit Merrifield,batter,0.5,0.833,-0.333,0.0,0.0,35.0,4.35,1870.0,0.23
592426,Luke Jackson,pitcher,0.494,0.766,-0.272,0.0,0.0,32.0,2.8,105.2,-0.33
657024,Erik Swanson,pitcher,0.494,0.798,-0.304,0.0,0.0,30.0,3.53,157.3,-0.25
592779,Brock Stewart,pitcher,0.493,0.763,-0.27,0.0,0.0,32.0,1.62,30.2,-0.07
679529,Spencer Torkelson,batter,0.492,0.492,0.0,0.0,0.0,24.0,-0.39,1088.0,0.19
668952,Ryan Kreidler,batter,0.491,-0.009,0.5,0.0,0.0,26.0,0.03,102.0,-0.52
624431,Jose Trevino,batter,0.49,0.49,0.0,0.0,0.0,31.0,2.87,846.0,0.62
606149,Giovanny Gallegos,pitcher,0.489,0.489,0.0,0.0,0.0,32.0,2.43,197.2,-0.33
542194,Christian Bethancourt,batter,0.488,0.488,0.0,0.0,0.0,32.0,1.76,670.0,0.35
668901,Mark Vientos,batter,0.487,0.072,0.415,0.0,0.0,24.0,-1.24,274.0,3.09
595345,Steven Okert,pitcher,0.484,0.484,0.0,0.0,0.0,32.0,2.35,146.3,-0.22
608032,Carlos Estévez,pitcher,0.484,0.484,0.0,0.0,0.0,31.0,2.05,180.3,2.15
608348,Carson Kelly,batter,0.48,0.48,0.0,0.0,0.0,29.0,3.08,864.0,0.51
650960,Daniel Duarte,pitcher,0.48,0.08,0.399,0.0,0.0,27.0,0.52,33.4,0.11
614179,José Ruiz,pitcher,0.477,-0.023,0.5,0.0,0.0,29.0,0.87,170.4,0.56
641313,Tim Anderson,batter,0.476,0.476,0.0,0.0,0.0,31.0,4.02,1445.0,-1.34
666974,Yennier Cano,pitcher,0.475,0.475,0.0,0.0,0.0,30.0,1.49,92.0,1.02
676775,Keaton Winn,pitcher,0.474,0.196,0.278,0.0,0.0,26.0,0.31,42.1,-1.08
656546,Jeff Hoffman,pitcher,0.473,0.914,-0.441,0.0,0.0,31.0,3.42,176.3,2.18
676979,Garrett Crochet,pitcher,0.471,0.471,0.0,0.0,0.0,25.0,1.49,68.4,4.05
683146,Brett Baty,batter,0.47,0.135,0.334,0.0,0.0,24.0,-1.0,431.0,0.32
624585,Jorge Soler,batter,0.47,0.47,0.0,0.0,0.0,32.0,1.93,1534.0,1.09
543294,Kyle Hendricks,pitcher,0.469,0.469,0.0,0.0,0.0,34.0,2.35,402.1,-1.54
605347,Jorge López,pitcher,0.468,0.15,0.318,0.0,0.0,31.0,1.04,251.2,0.89
686823,Will Brennan,batter,0.466,0.466,0.0,0.0,0.0,26.0,0.89,511.0,-0.15
643393,Tony Kemp,batter,0.464,0.464,0.0,0.0,0.0,32.0,3.43,1374.0,-0.15
519317,Giancarlo Stanton,batter,0.464,0.187,0.277,0.0,0.0,34.0,3.01,1485.0,0.8
623912,Harold Ramírez,batter,0.462,0.962,-0.5,0.0,0.0,29.0,3.57,1247.0,-0.1
641793,Zack Littell,pitcher,0.46,0.46,0.0,0.0,0.0,28.0,2.06,200.2,2.81
668868,Zack Thompson,pitcher,0.456,0.456,0.0,0.0,0.0,26.0,1.29,100.3,-0.66
608648,Tyler Duffey,pitcher,0.453,-0.047,0.5,0.0,0.0,33.0,0.9,108.1,-0.02
594807,Adam Duvall,batter,0.45,0.877,-0.427,0.0,0.0,35.0,4.39,1287.0,-1.36
642121,Cole Sulser,pitcher,0.449,-0.013,0.462,0.0,0.0,34.0,1.74,102.2,0.43
669065,Kyle Stowers,batter,0.449,-0.051,0.5,0.0,0.0,26.0,-0.44,131.0,-0.43
641656,Ian Hamilton,pitcher,0.443,0.443,0.0,0.0,0.0,29.0,1.52,60.2,0.49
543257,Robbie Grossman,batter,0.441,0.441,0.0,0.0,0.0,34.0,3.63,1591.0,-0.23
660825,Eduard Bazardo,pitcher,0.441,-0.059,0.5,0.0,0.0,28.0,0.59,35.1,-0.02
571863,Matt Koch,pitcher,0.44,-0.06,0.5,0.0,0.0,33.0,0.34,42.3,-0.45
663837,Matt Vierling,batter,0.44,0.44,0.0,0.0,0.0,27.0,1.29,979.0,2.83
605204,J. D. Davis,batter,0.439,0.439,0.0,0.0,0.0,31.0,2.4,1122.0,-0.36
543877,Christian Vázquez,batter,0.439,0.439,0.0,0.0,0.0,33.0,2.92,1332.0,-0.22
623211,Huascar Brazobán,pitcher,0.438,0.438,0.0,0.0,0.0,34.0,1.79,91.2,0.22
663989,Nick Vespi,pitcher,0.437,-0.061,0.498,0.0,0.0,28.0,0.3,40.3,0.21
676391,Ernie Clement,batter,0.437,-0.045,0.482,0.0,0.0,28.0,0.13,364.0,3.31
670242,Matt Wallner,batter,0.436,0.733,-0.297,0.0,0.0,26.0,1.85,331.0,2.15
676680,Tom Cosgrove,pitcher,0.436,0.936,-0.5,0.0,0.0,28.0,1.51,51.1,-0.88
669743,Alex Call,batter,0.434,0.434,0.0,0.0,0.0,29.0,1.42,570.0,1.5
608385,Jesse Winker,batter,0.432,0.062,0.37,0.0,0.0,30.0,1.81,1231.0,1.93
680704,Nick Sandlin,pitcher,0.427,0.427,0.0,0.0,0.0,27.0,1.85,137.4,-0.07
656896,Emmanuel Rivera,batter,0.425,0.425,0.0,0.0,0.0,28.0,1.92,758.0,-0.34
660761,José Suarez,pitcher,0.425,0.425,0.0,0.0,0.0,26.0,2.36,240.3,-0.59
656638,Alex Lange,pitcher,0.424,0.424,0.0,0.0,0.0,28.0,1.81,164.3,-0.6
624424,Michael Conforto,batter,0.419,0.419,0.0,0.0,0.0,31.0,1.28,949.0,1.29
674072,Tommy Henry,pitcher,0.416,0.416,0.0,0.0,0.0,26.0,0.95,136.0,-0.76
527054,Julio Teherán,pitcher,0.413,0.142,0.271,0.0,0.0,33.0,0.74,76.2,-0.2
664983,Jake McCarthy,batter,0.412,0.912,-0.5,0.0,0.0,26.0,3.28,736.0,1.64
664238,Dylan Moore,batter,0.409,0.409,0.0,0.0,0.0,31.0,2.81,806.0,2.09
667755,José Soriano,pitcher,0.408,0.408,0.0,0.0,0.0,25.0,0.44,42.0,1.94
672356,Gabriel Arias,batter,0.407,0.407,0.0,0.0,0.0,24.0,-0.15,413.0,-0.38
682990,Quinn Priester,pitcher,0.406,-0.094,0.5,0.0,0.0,23.0,-0.93,50.0,-0.07
682842,Abner Uribe,pitcher,0.405,0.905,-0.5,0.0,0.0,24.0,0.97,32.0,-0.44
571760,Andrew Heaney,pitcher,0.404,0.404,0.0,0.0,0.0,33.0,1.73,362.5,0.36
669004,MJ Melendez,batter,0.399,0.399,0.0,0.0,0.0,25.0,0.09,1136.0,-0.72
592669,Hunter Renfroe,batter,0.398,0.864,-0.466,0.0,0.0,32.0,4.35,1685.0,0.14
669622,Anthony Bender,pitcher,0.396,0.396,0.0,0.0,0.0,29.0,1.69,80.2,0.67
592626,Joc Pederson,batter,0.395,0.395,0.0,0.0,0.0,32.0,1.88,1387.0,2.82
664314,Estevan Florial,batter,0.394,-0.034,0.428,0.0,0.0,26.0,-0.14,131.0,0.1
670174,Josh Winckowski,pitcher,0.394,0.694,0.0,0.0,-0.3,26.0,1.48,154.2,0.17
678246,Miguel Vargas,batter,0.39,0.39,0.0,0.0,0.0,24.0,-0.25,354.0,-0.8
656458,Lucas Gilbreath,pitcher,0.39,0.39,0.0,0.0,0.0,28.0,1.46,85.2,-0.4
663616,Trevor Larnach,batter,0.387,0.387,0.0,0.0,0.0,27.0,1.8,693.0,1.29
621051,Steven Wilson,pitcher,0.384,0.384,0.0,0.0,0.0,29.0,1.36,109.2,-0.64
640462,A. J. Puk,pitcher,0.384,0.384,0.0,0.0,0.0,29.0,1.76,136.4,1.22
672724,Oswald Peraza,batter,0.384,0.384,0.0,0.0,0.0,24.0,0.0,251.0,0.06
663941,Tristan Beck,pitcher,0.378,0.786,-0.408,0.0,0.0,28.0,1.07,85.0,0.51
656234,Jake Bird,pitcher,0.376,0.376,0.0,0.0,0.0,28.0,1.1,136.3,0.39
607644,John Means,pitcher,0.374,0.874,-0.5,0.0,0.0,31.0,4.38,177.4,0.77
641401,Connor Brogdon,pitcher,0.374,0.374,0.0,0.0,0.0,29.0,2.17,138.4,-0.74
664058,David Fletcher,batter,0.371,0.371,0.0,0.0,0.0,30.0,2.75,990.0,0.04
606992,Eric Haase,batter,0.37,0.37,0.0,0.0,0.0,31.0,2.98,1025.0,0.45
677960,Ryan Weathers,pitcher,0.364,-0.059,0.422,0.0,0.0,24.0,-1.3,154.6,1.85
640470,Adbert Alzolay,pitcher,0.363,0.651,-0.287,0.0,0.0,29.0,2.68,202.3,-0.62
669304,José Miranda,batter,0.362,0.362,0.0,0.0,0.0,26.0,0.65,635.0,1.69
543518,Scott McGough,pitcher,0.358,-0.142,0.5,0.0,0.0,34.0,0.06,70.1,-1.08
678606,Jose Ferrer,pitcher,0.358,0.358,0.0,0.0,0.0,24.0,-0.04,34.0,0.53
682847,Luis Ortiz,pitcher,0.357,0.357,0.0,0.0,0.0,25.0,0.61,102.2,2.99
622554,Seranthony Domínguez,pitcher,0.356,0.356,0.0,0.0,0.0,29.0,1.83,117.3,0.18
605177,Andrew Chafin,pitcher,0.348,0.348,0.0,0.0,0.0,34.0,3.03,176.4,0.47
621366,Ryan Borucki,pitcher,0.348,0.071,0.276,0.0,0.0,30.0,1.05,88.4,-0.35
663662,Daz Cameron,batter,0.346,-0.081,0.427,0.0,0.0,27.0,-0.27,185.0,-0.48
571656,Buck Farmer,pitcher,0.344,0.344,0.0,0.0,0.0,33.0,1.56,157.1,1.68
621383,Tanner Banks,pitcher,0.341,0.341,0.0,0.0,0.0,32.0,1.12,114.0,0.12
592866,Trevor Williams,pitcher,0.341,0.279,0.362,0.0,-0.3,32.0,1.47,324.3,2.47
656529,Sam Hentges,pitcher,0.337,0.337,0.0,0.0,0.0,27.0,1.0,188.4,0.34
667452,Corey Julks,batter,0.336,0.336,0.0,0.0,0.0,28.0,0.31,323.0,-1.14
665622,Luis Medina,pitcher,0.333,0.333,0.0,0.0,0.0,25.0,0.18,109.2,0.33
668970,Gavin Hollowell,pitcher,0.331,-0.128,0.459,0.0,0.0,26.0,-0.24,40.2,0.05
656541,Sam Hilliard,batter,0.325,0.06,0.265,0.0,0.0,30.0,1.65,516.0,0.41
553869,Elías Díaz,batter,0.324,0.824,-0.5,0.0,0.0,33.0,4.11,1278.0,1.21
606115,Orlando Arcia,batter,0.323,0.586,-0.263,0.0,0.0,29.0,2.34,887.0,0.52
444482,David Peralta,batter,0.322,0.322,0.0,0.0,0.0,36.0,2.51,1457.0,0.83
624415,Cavan Biggio,batter,0.32,0.32,0.0,0.0,0.0,29.0,1.69,943.0,0.05
593934,Miguel Sanó,batter,0.319,-0.181,0.5,0.0,0.0,31.0,0.08,603.0,-0.11
663158,Robert Suarez,pitcher,0.319,0.319,0.0,0.0,0.0,33.0,1.5,83.4,2.05
665828,Oswaldo Cabrera,batter,0.319,0.319,0.0,0.0,0.0,25.0,0.28,530.0,1.31
676694,Jake Meyers,batter,0.318,0.72,-0.402,0.0,0.0,28.0,3.22,674.0,1.53
681146,Jonah Bride,batter,0.315,-0.185,0.5,0.0,0.0,28.0,-0.42,293.0,0.89
679525,Alec Marsh,pitcher,0.314,-0.139,0.452,0.0,0.0,26.0,-0.24,74.1,0.62
678061,Ray Kerr,pitcher,0.313,-0.187,0.5,0.0,0.0,29.0,-0.1,32.0,-0.12
656427,Jack Flaherty,pitcher,0.313,0.313,0.0,0.0,0.0,28.0,1.47,260.2,3.31
596001,Jakob Junis,pitcher,0.312,0.612,0.0,0.0,-0.3,31.0,2.28,237.1,1.83
592178,Kris Bryant,batter,0.312,0.312,0.0,0.0,0.0,32.0,2.96,1120.0,-0.79
592741,Chasen Shreve,pitcher,0.306,-0.018,0.324,0.0,0.0,33.0,0.94,126.4,0.09
687093,Vaughn Grissom,batter,0.305,0.305,0.0,0.0,0.0,23.0,0.06,240.0,-0.12
600917,José Leclerc,pitcher,0.298,0.647,-0.349,0.0,0.0,30.0,2.17,117.4,-0.16
621550,Patrick Wisdom,batter,0.296,0.565,-0.269,0.0,0.0,32.0,3.19,1211.0,-0.4
552640,Andrew Kittredge,pitcher,0.295,0.295,0.0,0.0,0.0,34.0,2.94,107.2,1.47
657514,Brennan Bernardino,pitcher,0.286,0.286,0.0,0.0,0.0,32.0,1.12,52.3,0.34
657557,Paul DeJong,batter,0.285,0.001,0.284,0.0,0.0,30.0,1.27,1041.0,0.9
663460,Kris Bubic,pitcher,0.284,0.284,0.0,0.0,0.0,26.0,1.36,275.0,0.71
686752,Ryan Pepiot,pitcher,0.284,0.584,0.0,0.0,-0.3,26.0,1.63,78.1,2.15
621345,A. J. Minter,pitcher,0.28,0.608,-0.329,0.0,0.0,30.0,2.89,203.3,1.1
596295,Austin Gomber,pitcher,0.279,0.279,0.0,0.0,0.0,30.0,1.69,378.3,2.43
669796,Jose Hernandez,pitcher,0.274,-0.009,0.283,0.0,0.0,26.0,-0.04,50.2,0.22
689172,Brett Wisely,batter,0.272,0.272,0.0,0.0,0.0,25.0,-0.16,131.0,0.42
666310,Bo Naylor,batter,0.266,0.766,-0.5,0.0,0.0,24.0,1.26,238.0,0.67
643493,Austin Pruitt,pitcher,0.266,0.266,0.0,0.0,0.0,34.0,1.75,110.3,-0.3
605119,Brian Anderson,batter,0.265,0.265,0.0,0.0,0.0,31.0,2.05,1008.0,-0.15
621016,José Cuas,pitcher,0.263,0.263,0.0,0.0,0.0,30.0,1.23,102.3,-0.54
669194,Ryne Nelson,pitcher,0.262,0.262,0.0,0.0,0.0,26.0,0.76,168.2,1.58
607067,Colin Rea,pitcher,0.259,0.148,0.411,0.0,-0.3,33.0,0.52,130.2,1.11
693304,Nick Gonzales,batter,0.258,0.258,0.0,0.0,0.0,25.0,-0.19,128.0,0.98
668800,Andrew Knizner,batter,0.256,0.256,0.0,0.0,0.0,29.0,1.41,719.0,-0.84
624503,Nick Gordon,batter,0.255,0.255,0.0,0.0,0.0,28.0,1.4,752.0,-1.56
622663,Luis Severino,pitcher,0.253,-0.247,0.5,0.0,0.0,30.0,0.49,209.2,1.66
640451,Hunter Harvey,pitcher,0.253,0.753,-0.5,0.0,0.0,29.0,3.06,107.5,-0.04
666023,Freddy Fermin,batter,0.252,0.252,0.0,0.0,0.0,29.0,1.47,242.0,3.13
543685,Anthony Rendon,batter,0.25,-0.172,0.422,0.0,0.0,34.0,1.12,625.0,0.55
656716,Zach McKinstry,batter,0.246,0.246,0.0,0.0,0.0,29.0,0.99,875.0,0.77
667670,Brent Rooker,batter,0.244,0.244,0.0,0.0,0.0,29.0,0.9,775.0,5.55
665833,Oneil Cruz,batter,0.244,0.744,-0.5,0.0,0.0,25.0,2.57,410.0,2.56
666159,Matt Manning,pitcher,0.238,0.557,-0.319,0.0,0.0,26.0,1.72,226.1,0.16
656731,Tylor Megill,pitcher,0.238,0.238,0.0,0.0,0.0,28.0,1.23,262.4,0.47
647336,Michael Soroka,pitcher,0.223,-0.277,0.5,0.0,0.0,26.0,-0.49,32.1,0.62
689225,Beau Brieske,pitcher,0.223,0.523,0.0,0.0,-0.3,26.0,1.45,116.2,0.73
675961,Alika Williams,batter,0.222,0.222,0.0,0.0,0.0,25.0,-0.25,112.0,-0.13
666135,Alex Kirilloff,batter,0.221,0.221,0.0,0.0,0.0,26.0,0.43,717.0,-0.56
663743,Nick Fortes,batter,0.22,0.22,0.0,0.0,0.0,27.0,1.12,599.0,0.22
592454,Tommy Kahnle,pitcher,0.216,0.216,0.0,0.0,0.0,34.0,1.4,54.4,0.76
656794,Sean Newcomb,pitcher,0.209,-0.291,0.5,0.0,0.0,31.0,-0.8,74.3,-0.07
671345,Jason Foley,pitcher,0.208,0.708,-0.5,0.0,0.0,28.0,2.64,139.2,0.86
664761,Alec Bohm,batter,0.208,0.208,0.0,0.0,0.0,27.0,0.14,1777.0,2.76
642136,Matt Thaiss,batter,0.207,-0.109,0.316,0.0,0.0,29.0,0.24,396.0,0.55
669358,Shane Baz,pitcher,0.207,0.207,0.0,0.0,0.0,25.0,0.52,42.2,2.17
595777,Jurickson Profar,batter,0.207,0.207,0.0,0.0,0.0,31.0,1.73,1643.0,3.58
596129,Dan Vogelbach,batter,0.205,0.205,0.0,0.0,0.0,31.0,1.54,1048.0,-0.46
656448,Stone Garrett,batter,0.203,0.703,-0.5,0.0,0.0,28.0,2.35,355.0,0.27
641712,Dakota Hudson,pitcher,0.2,0.2,0.0,0.0,0.0,29.0,1.12,228.5,-0.78
592773,Ryne Stanek,pitcher,0.199,0.699,-0.5,0.0,0.0,32.0,3.0,190.5,-0.58
641584,Jake Fraley,batter,0.196,0.508,-0.311,0.0,0.0,29.0,2.72,892.0,0.3
622072,Alex Wood,pitcher,0.193,0.493,0.0,0.0,-0.3,33.0,2.46,370.5,-0.18
663773,Bryan Hoeing,pitcher,0.192,-0.208,0.4,0.0,0.0,27.0,-0.53,82.4,1.55
681584,David Villar,batter,0.192,0.192,0.0,0.0,0.0,27.0,0.88,321.0,0.02
664208,Phil Maton,pitcher,0.191,0.191,0.0,0.0,0.0,31.0,0.77,216.2,0.9
671083,Buddy Kennedy,batter,0.19,0.19,0.0,0.0,0.0,25.0,0.01,123.0,0.18
642086,Dominic Smith,batter,0.188,-0.07,0.259,0.0,0.0,29.0,-0.22,1231.0,0.02
643256,Adam Cimber,pitcher,0.184,0.184,0.0,0.0,0.0,33.0,1.96,162.6,-0.68
683769,Hunter Gaddis,pitcher,0.18,-0.178,0.358,0.0,0.0,26.0,-0.47,49.1,2.57
642528,Jonathan Loáisiga,pitcher,0.18,0.492,-0.312,0.0,0.0,29.0,3.17,145.5,0.34
622088,Tejay Antone,pitcher,0.173,0.173,0.0,0.0,0.0,30.0,2.27,38.4,0.02
641856,Billy McKinney,batter,0.173,-0.327,0.5,0.0,0.0,29.0,-0.79,505.0,-0.04
542364,Rafael Ortega,batter,0.169,0.169,0.0,0.0,0.0,33.0,2.28,837.0,-0.22
670102,Bowden Francis,pitcher,0.166,0.166,0.0,0.0,0.0,28.0,0.96,36.3,1.63
543510,James McCann,batter,0.166,-0.334,0.5,0.0,0.0,34.0,0.12,829.0,0.67
640455,Sean Manaea,pitcher,0.164,0.464,0.0,0.0,-0.3,32.0,2.68,455.4,2.92
643338,Chad Green,pitcher,0.16,0.16,0.0,0.0,0.0,33.0,2.11,113.2,0.76
643377,Griffin Jax,pitcher,0.157,0.157,0.0,0.0,0.0,29.0,0.6,223.1,2.84
676632,Bligh Madris,batter,0.156,-0.344,0.5,0.0,0.0,28.0,-1.29,153.0,0.21
571882,Derek Law,pitcher,0.156,0.156,0.0,0.0,0.0,33.0,1.17,89.2,1.95
696285,Jacob Young,batter,0.152,0.652,-0.5,0.0,0.0,24.0,0.59,121.0,2.69
656413,Stuart Fairchild,batter,0.152,0.152,0.0,0.0,0.0,28.0,1.11,382.0,1.0
657097,Jacob Webb,pitcher,0.151,0.151,0.0,0.0,0.0,30.0,0.78,91.2,0.99
572138,Jon Singleton,batter,0.151,-0.349,0.5,0.0,0.0,32.0,-0.51,107.0,0.16
664139,Ian Gibaut,pitcher,0.15,0.47,-0.32,0.0,0.0,30.0,2.29,117.4,0.01
641941,Emilio Pagán,pitcher,0.149,0.149,0.0,0.0,0.0,33.0,0.73,197.2,0.32
545341,Randal Grichuk,batter,0.147,0.566,-0.418,0.0,0.0,32.0,2.47,1554.0,2.16
676760,Ron Marinaccio,pitcher,0.145,0.451,-0.306,0.0,0.0,28.0,1.59,91.1,0.15
624522,Keegan Thompson,pitcher,0.143,0.443,0.0,0.0,-0.3,29.0,2.27,196.3,0.56
594835,Marco Gonzales,pitcher,0.139,0.139,0.0,0.0,0.0,32.0,1.54,376.1,0.44
676395,Robert Garcia,pitcher,0.135,0.135,0.0,0.0,0.0,28.0,0.4,32.0,-0.12
657136,Connor Wong,batter,0.132,0.55,-0.418,0.0,0.0,28.0,2.38,473.0,1.76
663855,Jordan Hicks,pitcher,0.13,0.13,0.0,0.0,0.0,27.0,0.51,139.2,0.98
541645,Avisaíl García,batter,0.128,-0.156,0.284,0.0,0.0,33.0,1.36,1029.0,-0.18
605170,Víctor Caratini,batter,0.128,0.128,0.0,0.0,0.0,30.0,1.19,896.0,1.27
643265,Garrett Cooper,batter,0.128,0.128,0.0,0.0,0.0,33.0,1.73,1176.0,-0.79
669276,Dylan Lee,pitcher,0.128,0.128,0.0,0.0,0.0,29.0,1.22,81.3,1.3
592200,Curt Casali,batter,0.127,0.127,0.0,0.0,0.0,35.0,2.09,504.0,0.26
670042,Luke Raley,batter,0.125,0.582,-0.456,0.0,0.0,29.0,2.47,551.0,3.15
669450,Cooper Hummel,batter,0.125,-0.375,0.5,0.0,0.0,29.0,-0.85,227.0,-0.13
669854,Ronel Blanco,pitcher,0.125,-0.21,0.335,0.0,0.0,30.0,0.08,58.1,4.67
669459,Kyle Nelson,pitcher,0.124,0.124,0.0,0.0,0.0,27.0,0.7,107.2,0.07
553882,Omar Narváez,batter,0.121,0.121,0.0,0.0,0.0,32.0,1.7,895.0,-0.93
607054,Jace Peterson,batter,0.121,0.121,0.0,0.0,0.0,34.0,2.22,1064.0,-0.62
671289,Tyler Freeman,batter,0.12,0.12,0.0,0.0,0.0,25.0,-0.6,254.0,0.88
669395,Dylan Coleman,pitcher,0.119,0.119,0.0,0.0,0.0,27.0,1.07,92.2,0.03
605288,Adrian Houser,pitcher,0.117,0.427,-0.31,0.0,0.0,31.0,1.97,358.4,-0.93
666181,Will Benson,batter,0.114,0.614,-0.5,0.0,0.0,26.0,1.33,391.0,-1.34
554431,Tyler Matzek,pitcher,0.106,0.606,-0.5,0.0,0.0,33.0,2.19,121.4,-0.46
667463,John King,pitcher,0.106,0.106,0.0,0.0,0.0,29.0,0.82,134.2,0.75
663368,Blake Perkins,batter,0.104,0.552,-0.448,0.0,0.0,27.0,1.13,168.0,1.91
622098,Drew Smith,pitcher,0.1,0.1,0.0,0.0,0.0,30.0,1.53,144.2,0.19
664875,Justin Lawrence,pitcher,0.093,0.093,0.0,0.0,0.0,29.0,0.42,133.4,-1.62
676684,Will Vest,pitcher,0.092,0.092,0.0,0.0,0.0,29.0,0.5,146.1,1.56
571670,Dylan Floro,pitcher,0.091,0.354,-0.263,0.0,0.0,33.0,2.3,173.4,0.8
573009,Joe Mantiply,pitcher,0.09,0.09,0.0,0.0,0.0,33.0,0.99,145.4,0.55
622694,Elieser Hernández,pitcher,0.08,-0.42,0.5,0.0,0.0,29.0,-0.63,113.3,-0.26
608701,Rob Refsnyder,batter,0.08,0.08,0.0,0.0,0.0,33.0,1.55,577.0,0.94
681807,David Fry,batter,0.08,0.08,0.0,0.0,0.0,28.0,0.36,113.0,1.36
669084,DL Hall,pitcher,0.078,0.078,0.0,0.0,0.0,25.0,0.01,35.4,-0.18
666018,Jonathan Aranda,batter,0.077,0.077,0.0,0.0,0.0,26.0,0.01,191.0,0.69
663574,Tony Santillan,pitcher,0.077,0.077,0.0,0.0,0.0,27.0,1.16,65.4,0.72
664076,Garrett Cleavinger,pitcher,0.075,-0.183,0.259,0.0,0.0,30.0,0.43,55.1,0.83
621028,Kevin Newman,batter,0.074,0.074,0.0,0.0,0.0,30.0,1.31,1116.0,2.2
623474,Jimmy Herget,pitcher,0.071,0.384,-0.313,0.0,0.0,30.0,2.4,116.2,0.05
664192,Joey Lucchesi,pitcher,0.067,0.422,-0.354,0.0,0.0,31.0,1.19,84.3,0.03
669134,Luis Campusano,batter,0.067,0.335,-0.268,0.0,0.0,25.0,0.31,262.0,-0.67
554340,Yimi García,pitcher,0.066,0.066,0.0,0.0,0.0,33.0,1.0,195.3,0.49
620443,Luis Torrens,batter,0.064,0.064,0.0,0.0,0.0,28.0,0.98,574.0,0.7
657044,Ryan Thompson,pitcher,0.061,0.061,0.0,0.0,0.0,32.0,0.94,118.3,0.99
666619,Gregory Santos,pitcher,0.055,0.555,-0.5,0.0,0.0,24.0,0.53,71.3,-0.09
623433,Nick Anderson,pitcher,0.054,0.054,0.0,0.0,0.0,33.0,0.63,41.1,0.25
687330,Kevin Kelly,pitcher,0.054,0.554,-0.5,0.0,0.0,26.0,0.73,67.0,1.68
663436,Davis Martin,pitcher,0.052,0.052,0.0,0.0,0.0,27.0,0.01,63.1,0.9
682073,David Hensley,batter,0.047,-0.222,0.269,0.0,0.0,28.0,-0.41,137.0,-0.35
641703,Brent Honeywell,pitcher,0.041,-0.159,0.5,0.0,-0.3,29.0,-0.14,56.2,0.6
668941,JoJo Romero,pitcher,0.04,0.04,0.0,0.0,0.0,27.0,0.35,61.3,0.83
672391,Kaleb Ort,pitcher,0.039,-0.339,0.378,0.0,0.0,32.0,-0.75,51.2,0.56
661563,Luis Gil,pitcher,0.038,0.038,0.0,0.0,0.0,26.0,0.63,33.1,2.88
612434,Miguel Castro,pitcher,0.038,0.038,0.0,0.0,0.0,29.0,0.72,171.3,-0.12
543309,Kyle Higashioka,batter,0.038,-0.272,0.31,0.0,0.0,34.0,0.78,728.0,1.39
622766,Miguel Díaz,pitcher,0.038,0.038,0.0,0.0,0.0,29.0,0.99,59.2,0.03
658648,Pedro Avila,pitcher,0.036,0.036,0.0,0.0,0.0,27.0,0.47,58.1,0.43
641343,Jake Bauers,batter,0.032,-0.436,0.468,0.0,0.0,28.0,-1.28,587.0,-0.32
608841,Joey Meneses,batter,0.031,0.531,-0.5,0.0,0.0,32.0,1.66,897.0,-0.57
658668,Edward Olivares,batter,0.031,0.031,0.0,0.0,0.0,28.0,0.29,670.0,-0.67
543859,Michael Tonkin,pitcher,0.023,0.023,0.0,0.0,0.0,34.0,0.27,80.2,-0.16
694813,Gavin Stone,pitcher,0.015,-0.485,0.5,0.0,0.0,25.0,-1.13,31.0,2.11
663698,Joey Bart,batter,0.014,0.014,0.0,0.0,0.0,27.0,0.4,392.0,2.19
665625,Elvis Peguero,pitcher,0.014,0.014,0.0,0.0,0.0,27.0,0.05,82.2,0.4
657240,Julian Merryweather,pitcher,0.014,0.014,0.0,0.0,0.0,32.0,0.42,111.2,-0.37
657376,Clarke Schmidt,pitcher,0.012,0.312,0.0,0.0,-0.3,28.0,1.24,225.1,1.91
663992,Richard Lovelady,pitcher,0.01,0.01,0.0,0.0,0.0,28.0,0.58,43.3,0.18
649557,Aledmys Díaz,batter,0.01,0.01,0.0,0.0,0.0,33.0,1.7,1020.0,-0.59
680911,Owen Miller,batter,0.009,0.009,0.0,0.0,0.0,27.0,-0.35,999.0,-0.46
669169,Jonathan Heasley,pitcher,0.009,-0.182,0.49,0.0,-0.3,27.0,-0.28,133.2,-0.62
666211,Taylor Trammell,batter,0.006,0.006,0.0,0.0,0.0,26.0,-0.24,351.0,-0.24
607179,Jordan Weems,pitcher,0.005,0.005,0.0,0.0,0.0,31.0,0.21,98.6,-1.03
642048,Tayler Saucedo,pitcher,0.004,0.004,0.0,0.0,0.0,31.0,0.42,74.6,0.38
650907,René Pinto,batter,0.002,0.002,0.0,0.0,0.0,27.0,0.18,193.0,-0.13
657061,Cole Tucker,batter,-0.001,-0.295,0.295,0.0,0.0,27.0,-1.69,204.0,-0.53
670156,Miles Mastrobuoni,batter,-0.002,-0.002,0.0,0.0,0.0,28.0,0.44,166.0,-0.19
695243,Mason Miller,pitcher,-0.005,0.495,-0.5,0.0,0.0,25.0,0.67,33.1,2.48
674003,Cody Bradford,pitcher,-0.006,-0.006,0.0,0.0,0.0,26.0,-0.05,63.2,0.87
647315,Zach Pop,pitcher,-0.007,-0.007,0.0,0.0,0.0,27.0,0.42,106.5,-1.3
680776,Jarren Duran,batter,-0.007,0.493,-0.5,0.0,0.0,27.0,1.35,697.0,8.99
669438,Mason Englert,pitcher,-0.009,-0.009,0.0,0.0,0.0,24.0,-0.62,56.0,-0.25
641745,Brad Keller,pitcher,-0.01,-0.01,0.0,0.0,0.0,28.0,0.2,317.5,-0.29
650893,Génesis Cabrera,pitcher,-0.011,-0.011,0.0,0.0,0.0,27.0,0.23,170.3,-0.05
645302,Víctor Robles,batter,-0.012,0.414,-0.426,0.0,0.0,27.0,1.64,902.0,3.1
664776,Jake Cousins,pitcher,-0.014,-0.014,0.0,0.0,0.0,29.0,1.01,53.2,0.71
683232,Nick Mears,pitcher,-0.014,-0.014,0.0,0.0,0.0,27.0,0.37,44.2,-0.38
657053,Touki Toussaint,pitcher,-0.015,0.285,0.0,0.0,-0.3,28.0,1.31,162.1,-0.33
622268,Donovan Walton,batter,-0.018,-0.292,0.274,0.0,0.0,30.0,-0.05,147.0,-0.03
622110,Matt Duffy,batter,-0.022,-0.022,0.0,0.0,0.0,33.0,1.45,778.0,0.23
663546,Sean Hjelle,pitcher,-0.023,-0.422,0.399,0.0,0.0,27.0,-1.06,54.0,0.63
657508,Mike Baumann,pitcher,-0.023,-0.023,0.0,0.0,0.0,28.0,0.18,108.3,-0.64
605513,Spencer Turnbull,pitcher,-0.023,-0.023,0.0,0.0,0.0,31.0,0.69,81.0,1.33
641302,Tyler Alexander,pitcher,-0.024,0.276,0.0,0.0,-0.3,29.0,1.92,251.1,0.36
518735,Yasmani Grandal,batter,-0.027,-0.027,0.0,0.0,0.0,35.0,1.76,1174.0,0.67
669003,Garrett Mitchell,batter,-0.03,0.47,-0.5,0.0,0.0,25.0,1.57,141.0,2.07
670059,Colin Holderman,pitcher,-0.031,0.272,-0.304,0.0,0.0,28.0,0.99,84.1,0.68
678225,Ji Hwan Bae,batter,-0.035,0.443,-0.478,0.0,0.0,24.0,0.04,408.0,-0.38
656412,Alex Faedo,pitcher,-0.036,-0.036,0.0,0.0,0.0,28.0,0.08,117.4,0.65
669270,Joel Kuhnel,pitcher,-0.038,-0.306,0.268,0.0,0.0,29.0,-0.53,71.0,0.12
669212,Eli Morgan,pitcher,-0.042,-0.042,0.0,0.0,0.0,28.0,0.4,226.2,1.08
621114,Ryan Burr,pitcher,-0.049,-0.049,0.0,0.0,0.0,30.0,0.97,45.2,0.04
570632,José Ureña,pitcher,-0.052,-0.354,0.302,0.0,0.0,32.0,-0.76,241.4,0.39
595928,John Curtiss,pitcher,-0.053,-0.053,0.0,0.0,0.0,31.0,0.18,63.3,-0.23
640492,José Azocar,batter,-0.053,-0.053,0.0,0.0,0.0,28.0,-0.01,318.0,-0.35
670990,Yohan Ramírez,pitcher,-0.053,-0.053,0.0,0.0,0.0,29.0,0.5,102.4,-0.99
681806,Andrew Wantz,pitcher,-0.055,0.219,-0.274,0.0,0.0,28.0,1.27,116.3,-0.02
592696,Eddie Rosario,batter,-0.057,-0.057,0.0,0.0,0.0,32.0,0.38,1281.0,-1.62
670036,Matt Festa,pitcher,-0.058,-0.058,0.0,0.0,0.0,31.0,0.15,66.1,-0.86
641360,Phil Bickford,pitcher,-0.059,-0.059,0.0,0.0,0.0,28.0,0.6,185.2,-0.25
660636,Diego Castillo,batter,-0.062,-0.062,0.0,0.0,0.0,26.0,-0.71,284.0,0.2
661527,Seth Martinez,pitcher,-0.063,-0.063,0.0,0.0,0.0,29.0,0.42,84.2,0.48
641432,Willie Calhoun,batter,-0.063,-0.367,0.304,0.0,0.0,29.0,-0.96,495.0,-0.21
622065,Alex Young,pitcher,-0.065,-0.065,0.0,0.0,0.0,30.0,0.26,131.4,0.28
501303,Ehire Adrianza,batter,-0.066,-0.566,0.5,0.0,0.0,34.0,-0.3,340.0,0.08
668709,JJ Bleday,batter,-0.069,-0.069,0.0,0.0,0.0,26.0,-0.78,541.0,2.13
666160,Mickey Moniak,batter,-0.073,0.427,-0.5,0.0,0.0,26.0,0.93,472.0,-0.13
518397,Scott Alexander,pitcher,-0.073,-0.073,0.0,0.0,0.0,34.0,1.01,80.3,1.22
666165,Blake Sabol,batter,-0.075,0.425,-0.5,0.0,0.0,26.0,0.15,344.0,0.25
681867,Cooper Criswell,pitcher,-0.078,-0.203,0.425,0.0,-0.3,27.0,-0.47,37.2,0.55
642232,Ryan Yarbrough,pitcher,-0.08,-0.08,0.0,0.0,0.0,32.0,-0.26,324.2,1.33
641729,Joe Jiménez,pitcher,-0.081,0.178,-0.259,0.0,0.0,29.0,0.86,158.4,1.77
677865,Justin Bruihl,pitcher,-0.082,-0.082,0.0,0.0,0.0,27.0,0.16,71.4,-0.28
681810,Austin Warren,pitcher,-0.082,-0.082,0.0,0.0,0.0,28.0,0.74,37.3,0.25
642216,Allan Winans,pitcher,-0.082,-0.082,0.0,0.0,0.0,28.0,0.0,32.1,-0.6
656457,Tyler Gilbert,pitcher,-0.084,-0.123,0.34,0.0,-0.3,30.0,0.9,91.2,0.12
663485,Cole Sands,pitcher,-0.086,-0.086,0.0,0.0,0.0,26.0,-0.14,51.4,1.28
608596,Tom Murphy,batter,-0.09,0.259,-0.349,0.0,0.0,33.0,2.69,526.0,-0.44
657571,Caleb Ferguson,pitcher,-0.091,0.213,-0.304,0.0,0.0,27.0,0.76,96.4,-0.47
545121,Ildemaro Vargas,batter,-0.094,0.292,-0.386,0.0,0.0,32.0,1.93,591.0,-0.49
656222,Jalen Beeks,pitcher,-0.099,-0.099,0.0,0.0,0.0,30.0,0.57,103.1,0.11
678894,Liover Peguero,batter,-0.1,0.212,-0.312,0.0,0.0,23.0,-0.43,217.0,-0.05
622503,Nabil Crismatt,pitcher,-0.102,-0.102,0.0,0.0,0.0,29.0,0.41,161.2,0.09
528748,Humberto Castellanos,pitcher,-0.104,-0.104,0.0,0.0,0.0,26.0,-0.13,89.3,-0.1
669060,Bryse Wilson,pitcher,-0.108,0.192,0.0,0.0,-0.3,26.0,0.51,266.2,0.9
650895,Diego Castillo,pitcher,-0.109,-0.109,0.0,0.0,0.0,30.0,0.95,122.3,0.21
663562,Noah Davis,pitcher,-0.113,-0.313,0.5,0.0,-0.3,27.0,-0.78,31.0,-0.18
642546,Jonathan Hernández,pitcher,-0.114,-0.114,0.0,0.0,0.0,27.0,-0.05,61.3,-0.5
573124,Taylor Rogers,pitcher,-0.114,-0.114,0.0,0.0,0.0,33.0,0.26,155.4,1.1
669087,Sam Huff,batter,-0.114,0.155,-0.269,0.0,0.0,26.0,0.54,177.0,-0.02
656811,Ryan O'Hearn,batter,-0.119,-0.119,0.0,0.0,0.0,30.0,-0.12,772.0,1.75
683021,Michael Stefanic,batter,-0.12,-0.12,0.0,0.0,0.0,28.0,0.07,140.0,-0.2
672335,Cionel Pérez,pitcher,-0.12,0.374,-0.493,0.0,0.0,28.0,1.84,136.2,-0.07
542888,Shawn Armstrong,pitcher,-0.121,0.329,-0.449,0.0,0.0,33.0,1.3,152.0,-0.3
608723,Austin Voth,pitcher,-0.121,-0.121,0.0,0.0,0.0,32.0,0.08,192.5,-0.16
608371,Lucas Sims,pitcher,-0.125,0.375,-0.5,0.0,0.0,30.0,2.17,114.2,0.5
672578,Carlos Hernández,pitcher,-0.125,-0.125,0.0,0.0,0.0,27.0,0.28,211.2,0.17
694297,Brandon Pfaadt,pitcher,-0.127,-0.127,0.0,0.0,0.0,25.0,-0.39,118.0,0.39
665019,Kody Clemens,batter,-0.127,-0.127,0.0,0.0,0.0,28.0,-0.27,275.0,0.28
656180,Riley Adams,batter,-0.133,0.254,-0.387,0.0,0.0,28.0,1.59,433.0,0.16
659275,Dinelson Lamet,pitcher,-0.136,-0.636,0.5,0.0,0.0,31.0,-1.59,106.3,0.0
656537,Derek Hill,batter,-0.14,-0.14,0.0,0.0,0.0,28.0,-0.02,292.0,0.08
676596,Josh Fleming,pitcher,-0.141,-0.641,0.5,0.0,0.0,28.0,-1.96,191.3,0.0
663423,Trent Thornton,pitcher,-0.143,-0.143,0.0,0.0,0.0,30.0,0.28,126.1,0.31
665120,Jared Walsh,batter,-0.143,-0.143,0.0,0.0,0.0,30.0,1.12,1155.0,-0.12
681911,Alex Vesia,pitcher,-0.146,0.354,-0.5,0.0,0.0,28.0,1.97,152.3,1.77
642201,Eli White,batter,-0.148,-0.148,0.0,0.0,0.0,30.0,0.81,354.0,0.27
665839,Enmanuel Valdez,batter,-0.149,0.351,-0.5,0.0,0.0,25.0,0.0,149.0,-0.54
663878,Nate Pearson,pitcher,-0.151,-0.151,0.0,0.0,0.0,27.0,-0.2,57.2,-0.11
669911,Michael Toglia,batter,-0.151,-0.151,0.0,0.0,0.0,25.0,-1.52,272.0,2.09
663372,Ryan Feltner,pitcher,-0.151,-0.151,0.0,0.0,0.0,27.0,-0.37,146.3,1.33
571510,Matt Boyd,pitcher,-0.152,0.148,0.0,0.0,-0.3,33.0,1.6,162.4,0.67
641582,Matt Foster,pitcher,-0.153,-0.153,0.0,0.0,0.0,29.0,-0.2,84.0,0.26
660896,Jorge Alcalá,pitcher,-0.158,-0.158,0.0,0.0,0.0,28.0,0.11,78.4,1.39
660853,Enyel De Los Santos,pitcher,-0.163,0.337,-0.5,0.0,0.0,28.0,1.23,156.5,0.12
605244,Aramis Garcia,batter,-0.168,-0.492,0.324,0.0,0.0,31.0,-1.18,209.0,-0.05
608671,Travis Jankowski,batter,-0.169,0.176,-0.345,0.0,0.0,33.0,1.92,518.0,0.36
623437,Justin Topa,pitcher,-0.169,0.107,-0.276,0.0,0.0,33.0,0.68,79.2,0.17
670955,Edwin Uceta,pitcher,-0.169,-0.169,0.0,0.0,0.0,26.0,-0.59,40.1,1.88
666150,Dominic Fletcher,batter,-0.171,0.329,-0.5,0.0,0.0,26.0,0.72,102.0,-0.37
676879,Aaron Ashby,pitcher,-0.172,-0.336,0.464,0.0,-0.3,26.0,-0.81,141.2,0.2
660707,Elehuris Montero,batter,-0.174,0.326,-0.5,0.0,0.0,25.0,0.0,492.0,-1.74
680779,Henry Davis,batter,-0.176,-0.176,0.0,0.0,0.0,24.0,-1.49,255.0,-0.61
630023,Yonny Chirinos,pitcher,-0.176,-0.236,0.36,0.0,-0.3,30.0,0.1,92.0,-0.19
641645,Luis Guillorme,batter,-0.18,0.24,-0.42,0.0,0.0,29.0,1.97,612.0,0.23
669711,Greg Weissert,pitcher,-0.18,-0.18,0.0,0.0,0.0,29.0,-0.1,31.1,0.51
681982,Grant Anderson,pitcher,-0.182,-0.182,0.0,0.0,0.0,27.0,-0.29,35.2,-1.12
655889,Manuel Rodríguez,pitcher,-0.183,-0.183,0.0,0.0,0.0,27.0,-0.62,30.4,1.1
622250,Josh Sborz,pitcher,-0.184,-0.501,0.317,0.0,0.0,30.0,-0.63,145.2,-0.01
666205,Kyle Muller,pitcher,-0.185,-0.485,0.3,0.0,0.0,26.0,-1.13,125.3,0.41
665155,Nick Maton,batter,-0.186,-0.186,0.0,0.0,0.0,27.0,-0.38,510.0,-0.12
624647,Victor González,pitcher,-0.19,0.105,-0.295,0.0,0.0,28.0,0.72,68.3,0.05
687799,Cade Marlowe,batter,-0.191,0.309,-0.5,0.0,0.0,27.0,1.06,100.0,0.03
670097,Zack Short,batter,-0.191,-0.191,0.0,0.0,0.0,29.0,-0.33,450.0,-0.1
664123,Scott Effross,pitcher,-0.192,0.308,-0.5,0.0,0.0,30.0,1.45,70.4,-0.02
656577,Alex Jackson,batter,-0.194,-0.194,0.0,0.0,0.0,28.0,-0.58,163.0,-0.44
656887,Sean Reid-Foley,pitcher,-0.195,-0.195,0.0,0.0,0.0,28.0,-0.3,37.4,0.2
663765,Jake Woodford,pitcher,-0.196,0.104,0.0,0.0,-0.3,27.0,0.83,162.5,-1.29
641943,Joshua Palacios,batter,-0.197,-0.197,0.0,0.0,0.0,28.0,-0.49,355.0,-0.05
641779,Charles Leblanc,batter,-0.198,0.302,-0.5,0.0,0.0,28.0,0.66,169.0,0.14
642028,Josh Rogers,pitcher,-0.2,0.1,0.0,0.0,-0.3,29.0,0.85,61.3,-0.06
595881,Tyler Beede,pitcher,-0.201,-0.201,0.0,0.0,0.0,31.0,-0.34,62.1,-0.72
676083,Janson Junk,pitcher,-0.201,-0.201,0.0,0.0,0.0,28.0,-0.18,31.3,-0.1
663853,Romy Gonzalez,batter,-0.201,-0.201,0.0,0.0,0.0,27.0,-0.72,239.0,0.99
608334,Carson Fulmer,pitcher,-0.202,-0.202,0.0,0.0,0.0,30.0,0.16,35.2,0.76
670950,Trevor Richards,pitcher,-0.204,-0.204,0.0,0.0,0.0,31.0,-0.06,201.3,-0.3
663465,Kolby Allard,pitcher,-0.205,-0.405,0.5,0.0,-0.3,26.0,-1.44,157.3,0.2
660644,Vidal Bruján,batter,-0.207,-0.207,0.0,0.0,0.0,26.0,-1.63,274.0,0.62
656976,Pavin Smith,batter,-0.214,-0.214,0.0,0.0,0.0,28.0,-0.5,1061.0,0.61
613534,Austin Adams,pitcher,-0.215,-0.215,0.0,0.0,0.0,33.0,0.04,71.4,0.52
663567,Peter Lambert,pitcher,-0.216,0.084,0.0,0.0,-0.3,27.0,0.16,92.3,-0.42
669674,Sam Long,pitcher,-0.217,-0.217,0.0,0.0,0.0,28.0,-0.37,127.3,0.64
642133,Rowdy Tellez,batter,-0.217,-0.217,0.0,0.0,0.0,29.0,-0.28,1285.0,-0.28
609280,Miguel Andújar,batter,-0.218,-0.218,0.0,0.0,0.0,29.0,-0.24,392.0,0.35
676130,José Buttó,pitcher,-0.224,0.135,-0.359,0.0,0.0,26.0,0.5,46.0,2.22
571912,Luke Maile,batter,-0.224,0.087,-0.311,0.0,0.0,33.0,1.77,445.0,-0.36
664948,Anthony Misiewicz,pitcher,-0.226,-0.226,0.0,0.0,0.0,29.0,-0.12,94.2,0.05
641329,Bryan Baker,pitcher,-0.227,0.273,-0.5,0.0,0.0,29.0,1.53,115.3,-0.09
675627,Michael Grove,pitcher,-0.23,-0.576,0.347,0.0,0.0,27.0,-1.32,100.1,-0.57
667297,Tommy Nance,pitcher,-0.231,-0.231,0.0,0.0,0.0,33.0,-0.37,71.4,-0.14
607680,Kevin Pillar,batter,-0.233,-0.233,0.0,0.0,0.0,35.0,0.24,573.0,0.33
608717,Chris Stratton,pitcher,-0.235,0.211,-0.446,0.0,0.0,33.0,1.5,228.4,-0.77
663527,Tyler Nevin,batter,-0.236,-0.236,0.0,0.0,0.0,27.0,-0.84,313.0,-0.22
657649,Jared Koenig,pitcher,-0.237,-0.237,0.0,0.0,0.0,30.0,-0.11,39.1,1.46
541640,Erasmo Ramírez,pitcher,-0.239,-0.239,0.0,0.0,0.0,34.0,0.38,172.4,-0.16
623168,Tyler Heineman,batter,-0.241,-0.241,0.0,0.0,0.0,33.0,0.36,221.0,0.18
608718,Brent Suter,pitcher,-0.245,0.175,-0.419,0.0,0.0,34.0,1.53,208.4,1.37
664059,Sam Haggerty,batter,-0.246,0.181,-0.428,0.0,0.0,30.0,2.19,403.0,-0.27
669461,Matthew Liberatore,pitcher,-0.259,0.047,-0.305,0.0,0.0,24.0,-0.8,95.4,0.25
572143,Burch Smith,pitcher,-0.26,-0.26,0.0,0.0,0.0,34.0,-0.2,43.1,-0.15
663630,Ryan McKenna,batter,-0.262,0.146,-0.408,0.0,0.0,27.0,0.66,508.0,0.1
680700,Richie Palacios,batter,-0.263,0.066,-0.329,0.0,0.0,27.0,0.36,225.0,1.8
666176,Jo Adell,batter,-0.264,0.236,-0.5,0.0,0.0,25.0,-0.12,487.0,0.79
606160,Rafael Montero,pitcher,-0.264,-0.264,0.0,0.0,0.0,33.0,-0.58,198.4,-0.05
607732,Jacob Stallings,batter,-0.267,-0.267,0.0,0.0,0.0,34.0,1.42,1089.0,1.67
592348,Niko Goodrum,batter,-0.267,-0.267,0.0,0.0,0.0,32.0,-0.43,370.0,-0.83
622075,Yency Almonte,pitcher,-0.276,-0.276,0.0,0.0,0.0,30.0,-0.18,132.4,0.08
592325,Ben Gamel,batter,-0.282,-0.282,0.0,0.0,0.0,32.0,-0.31,838.0,0.19
642397,Gregory Soto,pitcher,-0.288,0.169,-0.456,0.0,0.0,29.0,1.47,186.4,0.28
606965,Chris Devenski,pitcher,-0.289,-0.289,0.0,0.0,0.0,33.0,-0.54,65.4,-0.8
450203,Charlie Morton,pitcher,-0.292,-0.292,0.0,0.0,0.0,40.0,8.53,539.2,1.07
518585,Fernando Cruz,pitcher,-0.293,0.099,-0.392,0.0,0.0,34.0,1.03,80.2,0.32
543305,Aaron Hicks,batter,-0.296,0.048,-0.344,0.0,0.0,34.0,1.56,905.0,-0.68
666204,Dany Jiménez,pitcher,-0.298,0.035,-0.333,0.0,0.0,30.0,0.87,57.2,-0.34
661531,Brian Serven,batter,-0.301,-0.301,0.0,0.0,0.0,29.0,-0.46,228.0,0.14
595978,Austin Hedges,batter,-0.301,-0.646,0.345,0.0,0.0,31.0,-1.4,881.0,-0.61
547001,Cody Poteet,pitcher,-0.303,-0.003,0.0,0.0,-0.3,29.0,0.4,58.2,0.83
669374,Keston Hiura,batter,-0.304,0.142,-0.446,0.0,0.0,27.0,-0.05,463.0,-0.58
693049,Oscar Colás,batter,-0.305,-0.305,0.0,0.0,0.0,25.0,-1.46,263.0,0.05
502171,Alex Cobb,pitcher,-0.306,-0.306,0.0,0.0,0.0,36.0,6.59,393.4,0.22
676092,Collin Snider,pitcher,-0.306,-0.306,0.0,0.0,0.0,28.0,-0.61,54.2,0.96
570257,Joely Rodríguez,pitcher,-0.308,-0.308,0.0,0.0,0.0,32.0,-0.66,107.2,-0.53
621512,Tomás Nido,batter,-0.31,-0.31,0.0,0.0,0.0,30.0,-0.02,544.0,-0.4
543056,Danny Coulombe,pitcher,-0.314,0.186,-0.5,0.0,0.0,34.0,1.67,98.3,1.03
669211,Keegan Akin,pitcher,-0.319,-0.319,0.0,0.0,0.0,29.0,-0.48,199.4,1.16
666915,Bobby Dalbec,batter,-0.326,-0.326,0.0,0.0,0.0,29.0,-0.6,871.0,-0.71
607481,Aaron Bummer,pitcher,-0.327,-0.327,0.0,0.0,0.0,30.0,0.14,143.5,0.56
672851,Joan Adon,pitcher,-0.336,-0.336,0.0,0.0,0.0,25.0,-1.41,120.5,-0.14
665923,Esteury Ruiz,batter,-0.339,0.059,-0.398,0.0,0.0,25.0,-0.87,533.0,-0.13
518792,Jason Heyward,batter,-0.341,0.107,-0.448,0.0,0.0,34.0,1.64,888.0,1.09
656232,Brandon Bielak,pitcher,-0.345,-0.045,0.0,0.0,-0.3,28.0,0.16,142.1,0.07
571945,Miles Mikolas,pitcher,-0.345,-0.345,0.0,0.0,0.0,35.0,4.5,451.5,-0.48
694363,Jared Shuster,pitcher,-0.352,0.04,-0.392,0.0,0.0,25.0,-0.17,52.2,0.95
543475,Jordan Lyles,pitcher,-0.353,-0.353,0.0,0.0,0.0,33.0,-0.31,536.2,0.17
607455,Anthony Banda,pitcher,-0.357,-0.357,0.0,0.0,0.0,30.0,-0.32,66.4,0.65
686747,Joe La Sorsa,pitcher,-0.363,0.137,-0.5,0.0,0.0,26.0,0.27,32.2,0.08
519293,Will Smith,pitcher,-0.365,-0.106,-0.26,0.0,0.0,34.0,0.97,198.2,-0.91
641658,Garrett Hampson,batter,-0.366,0.134,-0.5,0.0,0.0,29.0,0.98,973.0,0.45
656248,Sean Bouchard,batter,-0.37,0.13,-0.5,0.0,0.0,28.0,1.63,140.0,-0.59
670046,Kenny Rosenberg,pitcher,-0.372,0.124,-0.496,0.0,0.0,28.0,0.79,43.2,-0.29
571946,Shelby Miller,pitcher,-0.373,0.127,-0.5,0.0,0.0,33.0,1.02,63.2,0.09
668676,Zach Plesac,pitcher,-0.375,-0.375,0.0,0.0,0.0,29.0,-0.34,295.5,-0.29
675921,Spencer Howard,pitcher,-0.381,-0.581,0.5,0.0,-0.3,27.0,-2.38,89.5,-0.58
605113,Nick Ahmed,batter,-0.381,-0.381,0.0,0.0,0.0,34.0,0.43,737.0,-0.37
621311,David Dahl,batter,-0.384,-0.384,0.0,0.0,0.0,30.0,-0.8,229.0,0.29
676534,Calvin Faucher,pitcher,-0.386,-0.386,0.0,0.0,0.0,28.0,-0.81,46.3,0.88
628708,Yunior Marte,pitcher,-0.387,-0.387,0.0,0.0,0.0,29.0,-0.68,87.1,-0.65
650671,José Quijada,pitcher,-0.39,-0.058,-0.332,0.0,0.0,28.0,0.5,74.4,0.28
605154,John Brebbia,pitcher,-0.393,0.107,-0.5,0.0,0.0,34.0,1.39,124.2,-0.47
595909,Jake Cave,batter,-0.395,-0.395,0.0,0.0,0.0,31.0,-0.78,561.0,-0.75
645444,José Herrera,batter,-0.396,-0.122,-0.274,0.0,0.0,27.0,-0.42,248.0,-0.24
596133,Luke Weaver,pitcher,-0.403,-0.43,0.327,0.0,-0.3,30.0,-0.22,223.6,1.81
689266,Dylan Dodd,pitcher,-0.404,-0.404,0.0,0.0,0.0,26.0,-0.71,34.1,-0.06
676701,Alan Trejo,batter,-0.407,-0.032,-0.376,0.0,0.0,28.0,0.27,402.0,-0.77
646242,Jhonathan Díaz,pitcher,-0.407,-0.107,0.0,0.0,-0.3,27.0,0.18,35.1,-0.13
641755,Tyler Kinley,pitcher,-0.408,0.092,-0.5,0.0,0.0,33.0,1.29,110.2,-0.24
621389,Ty Blach,pitcher,-0.412,-0.112,0.0,0.0,-0.3,33.0,0.08,122.1,-0.61
656464,Kevin Ginkel,pitcher,-0.428,0.072,-0.5,0.0,0.0,30.0,0.75,134.2,0.84
621458,Edwin Ríos,batter,-0.43,-0.43,0.0,0.0,0.0,30.0,-0.95,186.0,-0.11
660766,Juan Yepez,batter,-0.435,-0.024,-0.411,0.0,0.0,26.0,-0.4,344.0,0.57
542882,Matt Andriese,pitcher,-0.44,-0.44,0.0,0.0,0.0,34.0,-0.56,48.1,-0.1
641726,Daulton Jefferies,pitcher,-0.446,-0.146,0.0,0.0,-0.3,28.0,-0.04,54.1,-0.7
657265,Peter Strzelecki,pitcher,-0.453,0.047,-0.5,0.0,0.0,29.0,0.59,72.0,0.21
623451,Jackson Stephens,pitcher,-0.454,-0.168,-0.286,0.0,0.0,30.0,0.23,67.2,0.06
664874,Seby Zavala,batter,-0.46,-0.133,-0.326,0.0,0.0,30.0,0.52,502.0,-0.3
666214,Joey Wentz,pitcher,-0.473,-0.74,0.267,0.0,0.0,26.0,-1.42,137.4,0.12
624512,Reese McGuire,batter,-0.479,0.021,-0.5,0.0,0.0,29.0,0.91,697.0,0.17
670970,Adrián Morejón,pitcher,-0.479,0.021,-0.5,0.0,0.0,25.0,-0.07,48.2,1.3
578428,Jose Iglesias,batter,-0.479,0.021,-0.5,0.0,0.0,34.0,0.42,978.0,3.04
598286,Nick Ramirez,pitcher,-0.483,0.017,-0.5,0.0,0.0,34.0,0.57,60.3,-0.24
605131,Austin Barnes,batter,-0.496,-0.496,0.0,0.0,0.0,34.0,0.03,644.0,0.65
668843,Conner Capel,batter,-0.497,0.003,-0.5,0.0,0.0,27.0,0.42,145.0,-0.06
675540,Xzavion Curry,pitcher,-0.497,0.303,-0.5,0.0,-0.3,25.0,0.42,104.1,0.13
595284,Andrew Knapp,batter,-0.497,-0.497,0.0,0.0,0.0,32.0,-1.67,205.0,-0.06
669222,Nick Senzel,batter,-0.503,-0.503,0.0,0.0,0.0,29.0,-1.58,874.0,-1.42
656657,Zach Logue,pitcher,-0.513,-0.541,0.328,0.0,-0.3,28.0,-1.33,68.0,-0.15
701643,Grant Hartwig,pitcher,-0.513,-0.209,-0.304,0.0,0.0,26.0,-0.36,35.1,-0.12
669352,Bubba Thompson,batter,-0.514,-0.014,-0.5,0.0,0.0,26.0,-0.37,241.0,-0.26
663687,Hogan Harris,pitcher,-0.517,-0.517,0.0,0.0,0.0,27.0,-0.76,63.0,1.91
623520,David Bote,batter,-0.52,-0.02,-0.5,0.0,0.0,31.0,0.32,454.0,0.17
598264,Matt Barnes,pitcher,-0.524,-0.024,-0.5,0.0,0.0,34.0,1.32,115.5,-0.24
680739,Josh Winder,pitcher,-0.54,0.067,-0.307,0.0,-0.3,27.0,0.28,101.2,0.12
680118,Dairon Blanco,batter,-0.541,-0.041,-0.5,0.0,0.0,31.0,1.28,145.0,0.1
641771,Chad Kuhl,pitcher,-0.557,-0.588,0.33,0.0,-0.3,31.0,-1.26,255.2,0.18
621466,DJ Stewart,batter,-0.563,-0.216,-0.347,0.0,0.0,30.0,0.01,506.0,-0.78
663531,Logan Allen,pitcher,-0.566,-0.266,0.0,0.0,-0.3,27.0,-0.81,57.3,-0.13
657193,Eddy Alvarez,batter,-0.569,-0.569,0.0,0.0,0.0,34.0,-0.34,101.0,0.05
457759,Justin Turner,batter,-0.57,-0.57,0.0,0.0,0.0,39.0,7.88,1824.0,1.42
668674,Lucas Erceg,pitcher,-0.583,-0.083,-0.5,0.0,0.0,29.0,-0.02,55.0,1.24
645801,Mike Ford,batter,-0.599,-0.143,-0.456,0.0,0.0,31.0,0.32,472.0,-0.65
657612,Tim Hill,pitcher,-0.603,-0.603,0.0,0.0,0.0,34.0,-0.91,153.5,0.43
607237,Amir Garrett,pitcher,-0.603,-0.103,-0.5,0.0,0.0,32.0,0.01,116.4,0.01
621545,Zach Remillard,batter,-0.605,-0.105,-0.5,0.0,0.0,30.0,0.09,160.0,0.24
622569,Pablo Reyes,batter,-0.613,-0.14,-0.473,0.0,0.0,30.0,0.91,288.0,-0.65
642180,Tyler Wade,batter,-0.617,-0.325,-0.292,0.0,0.0,29.0,-0.45,363.0,-0.66
596117,Garrett Stubbs,batter,-0.62,-0.12,-0.5,0.0,0.0,31.0,1.01,284.0,0.29
663432,Tanner Rainey,pitcher,-0.626,-0.229,-0.398,0.0,0.0,31.0,-0.73,62.2,0.11
676946,Matthew Batten,batter,-0.654,-0.154,-0.5,0.0,0.0,29.0,0.23,161.0,0.05
663897,Luke Williams,batter,-0.658,-0.158,-0.5,0.0,0.0,27.0,-0.4,263.0,0.22
622251,Josh Staumont,pitcher,-0.66,-0.16,-0.5,0.0,0.0,30.0,0.78,122.4,0.23
674370,Osvaldo Bido,pitcher,-0.669,-0.212,-0.458,0.0,0.0,28.0,-0.24,50.2,1.61
643361,Kevin Herget,pitcher,-0.679,-0.179,-0.5,0.0,0.0,33.0,0.04,31.1,0.25
677976,Randy Dobnak,pitcher,-0.694,-0.694,0.0,0.0,0.0,29.0,-1.28,50.2,0.0
489119,Wade Miley,pitcher,-0.706,-0.706,0.0,0.0,0.0,37.0,8.0,320.1,-0.1
656793,Nick Nelson,pitcher,-0.709,-0.209,-0.5,0.0,0.0,28.0,-0.56,88.4,-0.01
656353,Tucker Davidson,pitcher,-0.711,-0.411,0.0,0.0,-0.3,28.0,-0.81,125.1,0.37
666818,Luis Frías,pitcher,-0.711,-0.211,-0.5,0.0,0.0,26.0,-0.65,57.3,-0.78
641511,Jason Delay,batter,-0.715,-0.255,-0.46,0.0,0.0,29.0,-0.46,354.0,0.08
607200,Erick Fedde,pitcher,-0.739,-0.739,0.0,0.0,0.0,31.0,-1.66,260.1,5.56
571466,Tucker Barnhart,batter,-0.753,-0.387,-0.366,0.0,0.0,33.0,-0.26,819.0,0.26
642701,Dennis Santana,pitcher,-0.757,-0.378,-0.38,0.0,0.0,28.0,-0.94,122.6,0.85
663978,Chris Paddack,pitcher,-0.766,-0.192,-0.274,0.0,-0.3,28.0,-0.35,138.4,0.49
506433,Yu Darvish,pitcher,-0.782,-0.782,0.0,0.0,0.0,37.0,6.89,521.4,1.96
676969,Brett de Geus,pitcher,-0.792,-0.792,0.0,0.0,0.0,26.0,-1.64,50.0,-0.24
669912,Kirby Snead,pitcher,-0.799,-0.299,-0.5,0.0,0.0,29.0,-0.54,62.6,0.02
594798,Jacob deGrom,pitcher,-0.803,-0.803,0.0,0.0,0.0,36.0,6.68,192.2,0.4
571578,Patrick Corbin,pitcher,-0.808,-1.137,0.329,0.0,0.0,34.0,-3.14,503.4,-0.79
656730,Trevor Megill,pitcher,-0.831,-0.476,-0.355,0.0,0.0,30.0,-1.17,103.4,1.23
642851,Austin Wynns,batter,-0.842,-0.342,-0.5,0.0,0.0,33.0,-0.25,461.0,0.43
656354,Austin Davis,pitcher,-0.845,-0.345,-0.5,0.0,0.0,31.0,-0.74,82.2,-0.25
670124,Adam Oller,pitcher,-0.855,-0.854,0.299,0.0,-0.3,29.0,-1.94,93.3,0.23
547989,José Abreu,batter,-0.869,-0.869,0.0,0.0,0.0,37.0,7.17,1998.0,-1.7
572020,James Paxton,pitcher,-0.889,-1.378,0.489,0.0,0.0,35.0,1.01,97.1,0.24
657757,Gavin Sheets,batter,-0.907,-0.605,-0.302,0.0,0.0,28.0,-1.85,945.0,-1.0
664901,Danny Mendick,batter,-0.92,-0.42,-0.5,0.0,0.0,30.0,-0.68,361.0,-0.31
500779,Jose Quintana,pitcher,-0.93,-0.43,-0.5,0.0,0.0,35.0,4.28,309.2,2.45
613564,Jason Vosler,batter,-0.964,-0.464,-0.5,0.0,0.0,30.0,-1.2,258.0,-0.13
593576,Héctor Neris,pitcher,-0.964,-0.575,-0.389,0.0,0.0,35.0,4.25,221.4,-0.18
606930,Jacob Barnes,pitcher,-0.975,-0.475,-0.5,0.0,0.0,34.0,-0.86,63.5,0.08
605361,Nick Martini,batter,-0.993,-0.493,-0.5,0.0,0.0,34.0,-0.12,124.0,-0.36
519043,Matt Moore,pitcher,-1.008,-0.691,-0.317,0.0,0.0,35.0,3.69,199.2,-0.47
519242,Chris Sale,pitcher,-1.144,-1.144,0.0,0.0,0.0,35.0,2.58,158.6,6.21
502043,Kyle Gibson,pitcher,-1.152,-1.152,0.0,0.0,0.0,36.0,4.67,547.0,0.85
519151,Ryan Pressly,pitcher,-1.22,-1.22,0.0,0.0,0.0,35.0,2.84,203.4,0.4
669952,Mitch White,pitcher,-1.224,-0.519,-0.405,0.0,-0.3,29.0,-1.33,157.4,-0.58
518886,Craig Kimbrel,pitcher,-1.226,-1.226,0.0,0.0,0.0,36.0,4.3,196.2,-1.03
458681,Lance Lynn,pitcher,-1.246,-1.746,0.5,0.0,0.0,37.0,5.29,467.5,0.19
592767,Drew Smyly,pitcher,-1.259,-1.259,0.0,0.0,0.0,35.0,2.36,382.2,0.05
455119,Chris Martin,pitcher,-1.458,-1.458,0.0,0.0,0.0,38.0,4.58,156.3,0.12
519008,T. J. McFarland,pitcher,-1.477,-1.977,0.5,0.0,0.0,35.0,0.02,72.5,0.58
467793,Carlos Santana,batter,-1.491,-1.491,0.0,0.0,0.0,38.0,3.63,1817.0,2.49
519326,Hunter Strickland,pitcher,-1.573,-1.573,0.0,0.0,0.0,35.0,0.89,123.1,1.0
595014,Blake Treinen,pitcher,-1.608,-1.608,0.0,0.0,0.0,36.0,2.65,87.0,1.55
502085,David Robertson,pitcher,-1.611,-1.611,0.0,0.0,0.0,39.0,4.25,154.2,1.5
628317,Kenta Maeda,pitcher,-1.633,-1.633,0.0,0.0,0.0,36.0,1.47,214.2,-1.66
456501,Johnny Cueto,pitcher,-1.655,-1.655,0.0,0.0,0.0,38.0,4.36,324.4,-0.18
493603,Adam Ottavino,pitcher,-1.687,-1.687,0.0,0.0,0.0,38.0,4.21,193.4,-0.03
547973,Aroldis Chapman,pitcher,-1.696,-1.696,0.0,0.0,0.0,36.0,2.66,158.3,0.37
445276,Kenley Jansen,pitcher,-1.72,-1.365,-0.355,0.0,0.0,36.0,4.16,186.2,1.22
457705,Andrew McCutchen,batter,-1.736,-1.736,0.0,0.0,0.0,37.0,3.49,1627.0,0.9
542585,José Cisnero,pitcher,-1.742,-1.742,0.0,0.0,0.0,35.0,0.83,145.3,-0.42
543063,Brandon Crawford,batter,-1.745,-1.745,0.0,0.0,0.0,37.0,5.52,1347.0,-0.21
445926,Jesse Chavez,pitcher,-2.146,-2.146,0.0,0.0,0.0,40.0,2.79,146.4,0.63
518489,Ryan Brasier,pitcher,-2.173,-2.173,0.0,0.0,0.0,36.0,0.61,140.1,0.2
543351,Jay Jackson,pitcher,-2.186,-2.186,0.0,0.0,0.0,36.0,1.08,51.5,-0.61
548384,Brooks Raley,pitcher,-2.236,-1.796,-0.439,0.0,0.0,36.0,1.8,163.6,0.52
543766,Bryan Shaw,pitcher,-2.237,-2.237,0.0,0.0,0.0,36.0,0.78,180.4,-0.21
489446,Kirby Yates,pitcher,-2.243,-2.499,0.256,0.0,0.0,37.0,1.0,68.1,3.12
573204,Caleb Thielbar,pitcher,-2.26,-2.26,0.0,0.0,0.0,37.0,2.52,156.3,-0.55
502179,Paolo Espino,pitcher,-2.314,-2.67,0.356,0.0,0.0,37.0,1.18,226.3,-0.27
453568,Charlie Blackmon,batter,-2.321,-1.979,-0.342,0.0,0.0,37.0,2.62,1572.0,0.5
502624,Chase Anderson,pitcher,-2.327,-2.327,0.0,0.0,0.0,36.0,0.07,158.1,-0.66
458677,Justin Wilson,pitcher,-2.392,-2.392,0.0,0.0,0.0,36.0,0.08,37.2,-0.23
523260,Joe Kelly,pitcher,-2.433,-2.433,0.0,0.0,0.0,36.0,0.15,127.1,-0.38
448179,Rich Hill,pitcher,-2.475,-2.475,0.0,0.0,0.0,44.0,1.89,428.4,-0.01
455117,Martín Maldonado,batter,-2.533,-2.533,0.0,0.0,0.0,37.0,0.68,1331.0,-1.34
493329,Yuli Gurriel,batter,-2.631,-2.249,-0.382,0.0,0.0,40.0,2.85,1635.0,0.16
543339,Daniel Hudson,pitcher,-2.639,-2.639,0.0,0.0,0.0,37.0,1.47,78.3,0.58
472610,Luis García,pitcher,-2.7,-2.7,0.0,0.0,0.0,37.0,0.82,159.4,-0.35
518617,Jake Diekman,pitcher,-2.844,-2.844,0.0,0.0,0.0,37.0,0.28,174.6,-0.8
471911,Carlos Carrasco,pitcher,-2.966,-3.223,0.256,0.0,0.0,37.0,-0.9,295.2,-1.23
572761,Matt Carpenter,batter,-3.035,-2.535,-0.5,0.0,0.0,38.0,0.89,652.0,-0.08
572971,Dallas Keuchel,pitcher,-3.161,-3.161,0.0,0.0,0.0,36.0,-2.56,259.4,-0.02
